Ilce;Mahalle;MAH_CD_SK_SAYISI;ILCE_CDSK_SAYI;YAPI;EK_BINA;GECICI;INSAAT;ISYERI_SAYISI;KAMU_ISYERI;KONUT;NUFUS;OZEL_ISYERI;YAZLIK_MEVSIMLIK
AHIRLI;AKKISE;21;289;177;0;0;6;4;2;185;518;8;1
AHIRLI;ALICERCI;16;289;130;0;0;2;;2;136;106;1;0
AHIRLI;BADEMLI;21;289;252;0;0;0;3;4;266;313;5;2
AHIRLI;BALIKLAVA;18;289;133;0;0;3;;3;137;186;2;9
AHIRLI;BUYUKOZ;9;289;55;0;1;0;;1;57;47;0;2
AHIRLI;CIFTLIK;19;289;145;0;0;4;3;3;150;221;3;2
AHIRLI;CUKURBUCAK;20;289;173;0;0;0;4;5;190;510;5;1
AHIRLI;ERDOGAN;15;289;81;0;0;1;;5;79;67;0;0
AHIRLI;HAMZALAR;32;289;343;0;0;6;48;7;369;609;60;11
AHIRLI;HENGEME;39;289;306;0;0;19;37;8;435;882;44;1
AHIRLI;KARACAKUYU;17;289;53;0;0;0;;2;52;49;1;1
AHIRLI;KAYACIK;19;289;114;0;0;7;1;3;126;108;4;5
AHIRLI;KURUCAY;52;289;665;0;3;3;2;9;687;87;2;24
AHIRLI;KUCUKOZ;9;289;25;0;0;0;;1;25;21;0;1
AHIRLI;MERKEZ;61;289;505;0;0;15;54;29;608;1023;64;2
AKOREN;AGALAR;64;372;505;0;0;8;123;33;704;955;148;17
AKOREN;AHMEDIYE;15;372;33;0;0;1;1;9;34;74;6;1
AKOREN;ALANKOY;28;372;179;0;0;5;7;7;185;293;18;5
AKOREN;AVDAN;48;372;421;0;0;2;30;12;432;800;41;2
AKOREN;BELKUYU;16;372;95;0;0;2;2;4;96;288;4;0
AKOREN;CATOREN;29;372;138;0;0;10;3;7;153;259;6;32
AKOREN;DUTLU;12;372;37;0;0;2;;3;37;36;0;0
AKOREN;HACILAR;30;372;174;0;0;5;61;12;183;281;71;1
AKOREN;KARAHUYUK;32;372;170;0;0;14;5;6;182;346;12;9
AKOREN;KAYASU;38;372;338;0;0;7;12;11;352;510;13;23
AKOREN;ORHANIYE;30;372;180;0;0;6;4;7;190;290;22;6
AKOREN;SULEYMANIYE;18;372;95;0;0;6;2;7;97;185;12;3
AKOREN;TULCE;52;372;403;0;0;4;38;10;432;751;45;13
AKOREN;YENI;17;372;101;0;0;25;9;12;380;585;14;2
AKSEHIR;ADSIZ;89;2162;1149;0;0;9;105;25;1270;2764;107;1
AKSEHIR;AHICELAL;12;2162;120;0;0;0;31;3;149;236;37;0
AKSEHIR;ALANYURT;36;2162;171;0;0;10;6;3;197;326;10;0
AKSEHIR;ALTUNKALEM;32;2162;549;0;0;4;42;12;2256;4791;49;0
AKSEHIR;ALTUNTAS;88;2162;832;0;0;28;125;16;957;1811;121;0
AKSEHIR;ANIT;22;2162;296;0;0;1;3;8;348;719;3;0
AKSEHIR;ATAKENT;57;2162;498;0;0;11;91;18;610;1065;92;1
AKSEHIR;BOZLAGAN;21;2162;136;0;0;1;5;5;144;268;4;0
AKSEHIR;CANKURTARAN;12;2162;118;0;0;9;;5;135;135;1;0
AKSEHIR;CAKILLAR;80;2162;841;0;0;35;76;18;940;2634;95;0
AKSEHIR;CAMLI;33;2162;353;0;0;16;25;5;401;1020;21;2
AKSEHIR;CAY;9;2162;93;0;0;0;1;2;106;178;1;0
AKSEHIR;CIMENDERE;15;2162;55;0;0;0;;4;56;168;1;0
AKSEHIR;CIMENLI;23;2162;212;0;0;1;2;5;223;453;4;0
AKSEHIR;DEGIRMENKOY;26;2162;283;0;0;5;27;9;331;726;38;0
AKSEHIR;DOGRUGOZ;116;2162;1244;0;0;49;108;22;1469;3528;212;1
AKSEHIR;ENGILI;52;2162;439;0;0;5;32;18;458;903;21;0
AKSEHIR;ESKIKALE;10;2162;102;0;0;0;2;4;110;272;2;0
AKSEHIR;GAZI;138;2162;1333;0;0;19;92;22;2686;6171;87;1
AKSEHIR;GEDIL;30;2162;208;0;0;10;5;13;245;573;6;1
AKSEHIR;GOLCAYIR;37;2162;436;0;0;5;50;12;502;818;49;1
AKSEHIR;GOZPINARI;37;2162;247;0;0;6;9;8;272;469;8;0
AKSEHIR;ILICAK;29;2162;299;0;0;6;7;5;311;840;7;0
AKSEHIR;ISTASYON;119;2162;1124;0;0;112;667;63;3877;7963;672;0
AKSEHIR;KARABULUT;48;2162;571;0;0;4;66;8;572;1019;61;0
AKSEHIR;KARAHUYUK;88;2162;528;0;0;22;55;23;640;1908;57;0
AKSEHIR;KIZILCA;20;2162;218;0;0;0;10;9;434;808;10;0
AKSEHIR;KILECI;63;2162;905;0;0;29;125;33;2384;4996;118;0
AKSEHIR;KOZAGAC;48;2162;291;0;0;4;22;24;734;1314;25;0
AKSEHIR;KURUCAY;40;2162;213;0;0;9;16;13;553;990;15;1
AKSEHIR;KUSCU;35;2162;152;0;0;1;316;9;193;361;345;0
AKSEHIR;MEYDAN;38;2162;162;0;0;14;821;7;613;967;708;0
AKSEHIR;NASREDDIN;16;2162;166;0;0;0;139;3;247;447;104;0
AKSEHIR;ORTACA;32;2162;220;0;0;2;6;3;225;292;5;0
AKSEHIR;ORTAKOY;93;2162;807;0;0;5;36;14;846;1419;43;0
AKSEHIR;REIS;59;2162;455;0;0;26;95;11;502;760;104;0
AKSEHIR;SARAY;18;2162;207;0;0;15;16;6;225;468;19;0
AKSEHIR;SAVAS;43;2162;305;0;0;17;12;11;342;629;17;0
AKSEHIR;SELCUK;31;2162;338;0;0;12;915;35;1129;2006;552;0
AKSEHIR;SEYRAN;138;2162;694;0;0;21;1187;54;1834;3897;1263;1
AKSEHIR;SORKUN;17;2162;207;0;0;5;7;8;227;489;13;3
AKSEHIR;SOGUTLU;23;2162;126;0;0;6;6;5;138;238;10;0
AKSEHIR;TEKKEKOY;7;2162;32;0;0;0;2;3;33;46;2;0
AKSEHIR;TIPI;24;2162;195;0;0;2;33;4;217;539;61;0
AKSEHIR;TIPIKOY;19;2162;163;0;0;9;3;3;173;276;4;0
AKSEHIR;ULUPINAR;22;2162;92;0;0;2;19;4;106;186;17;0
AKSEHIR;UCHUYUK;32;2162;314;0;0;6;7;8;326;456;10;0
AKSEHIR;YARENLER;89;2162;1047;0;0;113;56;28;4852;11305;61;0
AKSEHIR;YASARLAR;21;2162;113;0;0;0;4;3;127;256;5;0
AKSEHIR;YAYLABELEN;37;2162;263;0;0;7;7;7;268;615;9;0
AKSEHIR;YAZLA;40;2162;509;0;0;11;26;12;632;1266;27;0
AKSEHIR;YENI;152;2162;2053;0;0;109;300;47;6478;14203;307;0
AKSEHIR;YENIKOY;24;2162;222;0;0;6;8;6;231;471;4;1
AKSEHIR;YESILKOY;24;2162;154;0;0;6;9;4;160;344;5;0
AKSEHIR;YILDIRIM;30;2162;379;0;0;9;15;9;858;1844;12;0
ALTINEKIN;AKCASAR;19;738;122;0;0;7;1;5;160;179;89;1
ALTINEKIN;AKINCILAR;104;738;846;0;0;38;46;16;1015;3190;466;0
ALTINEKIN;AKKOY;25;738;91;0;0;17;14;5;171;193;109;0
ALTINEKIN;AYISIGI;12;738;83;0;0;9;1;3;95;89;41;0
ALTINEKIN;BORUKKUYU;13;738;72;0;0;3;;4;82;127;45;0
ALTINEKIN;DEDELER;68;738;625;0;0;28;52;16;755;1761;533;1
ALTINEKIN;HACINUMAN;20;738;118;0;0;8;1;4;135;208;29;0
ALTINEKIN;KALE;77;738;357;0;0;39;11;7;473;960;177;1
ALTINEKIN;KARAKAYA;11;738;87;0;0;13;;2;110;80;48;1
ALTINEKIN;KOCAS;8;738;40;0;0;3;;5;58;75;25;0
ALTINEKIN;KOCYAKA;24;738;193;0;0;10;5;5;264;387;153;0
ALTINEKIN;MANTAR;37;738;251;0;0;10;7;9;338;505;143;0
ALTINEKIN;OGUZELI;118;738;840;0;0;70;56;28;1037;1687;268;0
ALTINEKIN;OLMEZ;105;738;458;0;0;60;189;54;1074;2202;455;1
ALTINEKIN;SARNIC;32;738;212;0;0;15;8;6;273;616;163;2
ALTINEKIN;TOPRAKLIK;34;738;121;0;0;16;;5;161;312;30;1
ALTINEKIN;YENI OLMEZ;18;738;145;0;0;3;12;4;162;448;107;1
ALTINEKIN;YENICE;38;738;227;0;0;15;9;7;271;690;96;1
ALTINEKIN;YENIKUYU;31;738;243;0;0;22;5;7;296;480;102;0
ALTINEKIN;YENIYAYLA;13;738;111;0;0;12;1;2;135;249;70;0
BEYSEHIR;ADAKOY;41;2948;229;0;0;6;18;8;261;302;16;6
BEYSEHIR;AGILONU;19;2948;105;0;0;5;3;3;131;270;4;5
BEYSEHIR;AKBURUN;39;2948;257;0;0;1;4;3;279;378;7;9
BEYSEHIR;AKCABELEN;103;2948;589;0;0;8;45;9;714;710;68;10
BEYSEHIR;AVDANCIK;38;2948;154;0;0;5;1;6;190;221;4;21
BEYSEHIR;AVSAR;18;2948;52;0;0;3;13;3;1005;2281;5;0
BEYSEHIR;BADEMLI;19;2948;192;0;0;5;2;13;250;284;10;26
BEYSEHIR;BAHCELIEVLER;126;2948;890;0;0;59;184;23;2846;5185;217;72
BEYSEHIR;BASGOZE;42;2948;214;0;0;4;1;4;242;207;5;18
BEYSEHIR;BAYAT;9;2948;60;0;0;0;;2;67;83;1;6
BEYSEHIR;BAYAVSAR;66;2948;442;0;0;58;82;9;525;627;108;6
BEYSEHIR;BAYINDIR;36;2948;232;0;0;0;15;8;255;406;39;16
BEYSEHIR;BEKDEMIR;14;2948;128;0;0;2;;4;143;188;5;11
BEYSEHIR;BEYTEPE;27;2948;310;0;0;50;42;7;1483;2918;38;8
BEYSEHIR;CICEKLER;33;2948;202;0;0;3;7;6;220;503;20;4
BEYSEHIR;CIFTLIK;19;2948;82;0;0;6;;2;122;200;1;7
BEYSEHIR;CIVRIL;13;2948;33;0;0;3;1;2;42;54;8;7
BEYSEHIR;CUKURAGIL;26;2948;203;0;0;8;12;7;233;210;16;28
BEYSEHIR;DALYAN;23;2948;208;0;0;43;468;6;1094;1911;452;0
BEYSEHIR;DAMLAPINAR;58;2948;367;0;0;6;6;6;407;389;15;36
BEYSEHIR;DOGANBEY;122;2948;1279;0;0;67;183;30;1473;1550;222;45
BEYSEHIR;DOGANCIK;19;2948;91;0;0;4;;2;108;107;0;8
BEYSEHIR;DUMANLI;20;2948;150;0;0;15;1;4;278;147;4;112
BEYSEHIR;EGIRLER;33;2948;187;0;0;9;4;4;191;286;6;8
BEYSEHIR;EMEN;66;2948;341;0;0;18;5;7;394;470;17;6
BEYSEHIR;ESENCE;65;2948;580;0;0;13;10;10;653;1296;23;26
BEYSEHIR;ESENTEPE;39;2948;245;0;0;9;25;23;1016;2173;37;11
BEYSEHIR;EVSAT;26;2948;233;0;0;8;541;21;937;1937;548;7
BEYSEHIR;EYLIKLER;25;2948;134;0;0;4;2;3;153;193;6;11
BEYSEHIR;FASILLAR;15;2948;113;0;0;0;1;6;118;186;3;1
BEYSEHIR;GOCU;54;2948;269;0;0;3;9;6;290;343;17;5
BEYSEHIR;GOKCEKUYU;19;2948;57;0;0;0;;3;60;113;2;1
BEYSEHIR;GOKCIMEN;50;2948;359;0;0;7;20;3;403;546;85;13
BEYSEHIR;GOLKASI;37;2948;155;0;0;9;2;6;198;301;20;37
BEYSEHIR;GOLYAKA;59;2948;418;0;0;1;28;5;479;537;38;19
BEYSEHIR;GONEN;18;2948;109;0;0;1;3;3;121;37;3;1
BEYSEHIR;GUNDOGDU;26;2948;86;0;0;2;1;3;90;84;1;1
BEYSEHIR;HACIAKIF;58;2948;575;0;0;17;43;13;1799;3640;68;2
BEYSEHIR;HACIARMAGAN;26;2948;224;0;0;17;343;14;769;1044;318;4
BEYSEHIR;HAMIDIYE;122;2948;910;0;0;174;985;18;2644;5141;1076;15
BEYSEHIR;HUGLU;60;2948;751;0;0;36;438;25;1252;2671;494;4
BEYSEHIR;HUSEYINLER;13;2948;85;0;0;0;1;6;90;127;1;2
BEYSEHIR;ICERISEHIR;29;2948;305;0;0;4;23;21;364;537;35;4
BEYSEHIR;ISAKOY;23;2948;132;0;0;1;1;6;138;122;4;4
BEYSEHIR;KARAALI;79;2948;602;0;0;37;26;11;633;2364;43;11
BEYSEHIR;KARABAYAT;20;2948;95;0;0;2;3;3;103;87;6;4
BEYSEHIR;KARADIKEN;20;2948;263;0;0;1;8;4;312;315;17;35
BEYSEHIR;KARAHISAR;17;2948;240;0;0;1;2;5;254;280;15;2
BEYSEHIR;KAYABASI;43;2948;418;0;0;4;36;11;480;373;44;8
BEYSEHIR;KURUCUOVA;93;2948;866;0;0;41;57;18;1041;679;95;75
BEYSEHIR;KUSLUCA;10;2948;107;0;0;0;1;3;123;170;4;3
BEYSEHIR;KUCUKAVSAR;6;2948;21;0;0;2;;1;24;52;0;1
BEYSEHIR;MESUTLAR;12;2948;60;0;0;0;;1;62;90;1;1
BEYSEHIR;MUFTU;98;2948;887;0;0;88;130;31;4578;10162;192;15
BEYSEHIR;SADIKHACI;95;2948;667;0;0;31;42;14;776;1545;59;17
BEYSEHIR;SARIKOY;27;2948;183;0;0;11;11;10;218;222;29;10
BEYSEHIR;SEVINDIK;67;2948;350;0;0;11;16;8;386;658;20;20
BEYSEHIR;SAMLAR;12;2948;163;0;0;4;;4;167;82;2;0
BEYSEHIR;UCPINAR;63;2948;268;0;0;13;34;10;337;437;78;24
BEYSEHIR;USTUNLER;113;2948;607;0;0;15;53;13;732;482;73;55
BEYSEHIR;UZUMLU;181;2948;1653;0;0;159;688;33;2780;4980;812;171
BEYSEHIR;YAZYURDU;17;2948;138;0;0;1;1;3;143;259;11;3
BEYSEHIR;YENI;103;2948;955;0;0;75;138;29;5397;10519;166;3
BEYSEHIR;YENIDOGAN;137;2948;687;0;0;25;70;21;747;850;112;25
BEYSEHIR;YESILDAG;99;2948;1035;0;0;19;46;27;1255;1293;82;9
BEYSEHIR;YUKARIESENCE;9;2948;51;0;0;0;;4;57;87;1;0
BEYSEHIR;YUNUSLAR;24;2948;159;0;0;3;5;5;183;168;7;20
BOZKIR;AKCAPINAR;28;1442;372;0;0;7;2;4;391;269;2;0
BOZKIR;ARMUTLU;35;1442;280;0;0;11;5;7;300;599;11;13
BOZKIR;ARSLANTAS;22;1442;182;0;0;0;;4;184;127;1;0
BOZKIR;AYDINKISLA;15;1442;61;0;0;0;;2;61;118;0;0
BOZKIR;AYVALCA;20;1442;127;0;0;10;4;3;130;240;10;4
BOZKIR;BAGYURDU;43;1442;368;0;0;13;4;10;371;290;5;0
BOZKIR;BAYBAGAN;21;1442;123;0;0;1;;3;123;141;0;2
BOZKIR;BOZDAM;11;1442;61;0;0;0;;2;61;87;0;0
BOZKIR;CUMHURIYET;42;1442;522;0;0;19;151;21;1102;2189;176;1
BOZKIR;CAGLAYAN;61;1442;857;0;0;13;32;10;856;791;43;7
BOZKIR;DEMIRASAF;57;1442;599;0;0;39;175;28;1377;2688;232;2
BOZKIR;DEREICI;45;1442;548;0;0;20;15;12;574;1306;19;14
BOZKIR;DEREKOY;39;1442;680;0;0;2;48;11;677;579;71;0
BOZKIR;DEREKOY-SARIOT YAYLASI;3;1442;27;0;0;0;;0;27;;0;0
BOZKIR;ELMAAGAC;7;1442;30;0;0;9;;3;31;54;0;0
BOZKIR;HACILAR;39;1442;374;0;0;13;6;10;379;469;7;0
BOZKIR;HACIYUNUSLAR;3;1442;30;0;0;0;;1;31;28;0;1
BOZKIR;HAMZALAR;67;1442;622;0;0;17;23;8;635;1073;34;9
BOZKIR;HARMANPINAR;61;1442;466;0;0;5;8;10;487;362;14;3
BOZKIR;HISARLIK;46;1442;645;0;0;28;16;11;805;1074;19;0
BOZKIR;ISIKLAR;16;1442;165;0;0;2;1;4;168;291;1;0
BOZKIR;KARABAYIR;17;1442;85;0;0;2;1;4;83;102;0;1
BOZKIR;KARACAARDIC;45;1442;245;0;0;12;1;6;250;229;1;1
BOZKIR;KARACAHISAR;12;1442;94;0;0;1;;3;91;110;0;0
BOZKIR;KARAYAHYA;15;1442;99;0;0;4;;3;100;267;0;0
BOZKIR;KAYACILAR;20;1442;146;0;0;4;1;3;152;200;3;5
BOZKIR;KAYAPINAR;35;1442;294;0;0;0;1;5;295;307;3;1
BOZKIR;KINIK;20;1442;165;0;0;2;1;2;168;248;1;1
BOZKIR;KIZILCAKIR;21;1442;129;0;0;1;;3;138;195;2;1
BOZKIR;KILDERE;21;1442;200;0;0;12;3;4;198;405;7;2
BOZKIR;KOVANLIK;25;1442;83;0;0;0;;2;83;139;0;1
BOZKIR;KOZAGAC;21;1442;173;0;0;5;4;4;182;204;4;0
BOZKIR;KUSCA;23;1442;224;0;0;2;1;10;229;382;1;1
BOZKIR;KUZOREN;26;1442;273;0;0;11;4;6;306;630;5;8
BOZKIR;KUCUKHISARLIK;28;1442;275;0;0;8;1;5;290;168;0;0
BOZKIR;PINARCIK;23;1442;150;0;0;0;2;5;151;195;3;0
BOZKIR;SARIOGLAN;84;1442;653;0;0;52;97;23;849;1461;122;65
BOZKIR;SAZLI;18;1442;216;0;0;3;2;5;219;294;3;7
BOZKIR;SOGUCAK;23;1442;227;0;0;2;6;10;229;628;6;0
BOZKIR;SOGUCAK YAYLASI;7;1442;27;0;0;0;;0;27;;0;0
BOZKIR;SORKUN;71;1442;828;0;0;2;18;16;825;709;32;1
BOZKIR;SOGUT;28;1442;232;0;0;1;8;6;234;446;8;3
BOZKIR;TARLABASI;9;1442;32;0;0;0;;2;32;47;0;0
BOZKIR;TARLABASI YAYLASI;2;1442;3;0;0;0;;0;3;;0;0
BOZKIR;TASBASI;20;1442;140;0;0;9;6;4;150;179;6;1
BOZKIR;TEPEARASI;14;1442;98;0;0;2;;2;97;90;0;0
BOZKIR;TEPELICE;16;1442;64;0;0;0;;3;64;73;0;0
BOZKIR;ULUPINAR;17;1442;273;0;0;10;1;6;287;254;1;0
BOZKIR;UCPINAR;47;1442;565;0;0;11;28;15;602;618;32;0
BOZKIR;UCPINAR-BABUSCU YAYLASI;5;1442;23;0;0;0;;0;23;;0;0
BOZKIR;UCPINAR-HOCAKOY YAYLASI;8;1442;46;0;0;0;;0;46;;0;0
BOZKIR;YALNIZCA;6;1442;47;0;0;0;;3;47;42;0;0
BOZKIR;YAZDAMI;34;1442;332;0;0;16;3;4;350;413;5;0
BOZKIR;YELBEGI;31;1442;220;0;0;8;2;4;225;315;1;1
BOZKIR;YENIKOY;16;1442;77;0;0;2;1;2;83;166;3;5
BOZKIR;YOLOREN;27;1442;198;0;0;0;1;3;204;224;6;0
BOZKIR;YUKARI;55;1442;764;0;0;49;319;36;1424;2659;397;9
CIHANBEYLI;AGABEYLI;53;3079;303;0;0;30;29;11;319;724;39;1
CIHANBEYLI;AHIRIGUZEL;17;3079;66;0;0;2;2;1;65;167;9;0
CIHANBEYLI;ATCEKEN;59;3079;522;0;0;46;488;24;1101;2779;383;1
CIHANBEYLI;BAHCELIEVLER;94;3079;432;0;0;25;15;19;1042;2119;27;0
CIHANBEYLI;BEYLIOVA;24;3079;76;0;0;40;2;4;90;98;11;1
CIHANBEYLI;BOGRUDELIK;34;3079;315;0;0;13;10;7;319;367;25;0
CIHANBEYLI;BULDUK;126;3079;1010;0;0;25;51;8;1072;1358;67;0
CIHANBEYLI;BUYUKBESKAVAK;85;3079;590;0;0;9;47;7;626;1345;60;0
CIHANBEYLI;CUMHURIYET;36;3079;264;0;0;34;164;11;1475;3487;180;0
CIHANBEYLI;CIMEN;27;3079;193;0;0;0;10;4;203;446;15;0
CIHANBEYLI;COL;33;3079;369;0;0;3;29;5;374;916;42;0
CIHANBEYLI;DAMLAKUYU;31;3079;199;0;0;6;7;6;213;379;20;0
CIHANBEYLI;GEMECIK;27;3079;119;0;0;16;4;5;124;305;14;0
CIHANBEYLI;GOKTEPE;56;3079;173;0;0;13;49;6;930;1715;62;0
CIHANBEYLI;GOLYAZI;199;3079;1521;0;0;115;173;28;1598;2730;279;0
CIHANBEYLI;GUNYUZU;192;3079;653;0;0;80;57;19;669;1796;107;0
CIHANBEYLI;HODOGLU;35;3079;232;0;0;4;11;8;233;841;12;0
CIHANBEYLI;INSUYU;65;3079;328;0;0;16;28;20;346;806;59;0
CIHANBEYLI;KALE;11;3079;21;0;0;5;2;2;21;82;9;0
CIHANBEYLI;KANDIL;97;3079;660;0;0;23;116;15;710;1881;159;0
CIHANBEYLI;KARABAG;136;3079;799;0;0;42;60;17;832;2941;90;0
CIHANBEYLI;KARATEPE;36;3079;162;0;0;10;2;4;167;318;17;0
CIHANBEYLI;KARSIYAKA;90;3079;453;0;0;48;37;27;876;2162;90;0
CIHANBEYLI;KAYI;16;3079;70;0;0;4;3;5;74;141;6;0
CIHANBEYLI;KELHASAN;97;3079;681;0;0;10;28;12;698;1026;40;0
CIHANBEYLI;KIRKISLA;54;3079;344;0;0;29;24;9;367;751;52;0
CIHANBEYLI;KOCATEPE;7;3079;14;0;0;0;2;0;14;38;4;0
CIHANBEYLI;KORKMAZLAR;19;3079;111;0;0;4;;4;118;120;2;0
CIHANBEYLI;KOPRUBASI;69;3079;650;0;0;61;325;11;1485;3519;316;0
CIHANBEYLI;KUSCA;112;3079;998;0;0;56;46;12;1116;1139;81;0
CIHANBEYLI;KUCUKBESKAVAK;30;3079;242;0;0;4;5;6;265;511;10;0
CIHANBEYLI;KUTUKUSAGI;103;3079;928;0;0;31;77;8;1060;1369;95;0
CIHANBEYLI;MUTLUKONAK;11;3079;84;0;0;0;;4;85;126;1;0
CIHANBEYLI;PINARBASI;45;3079;303;0;0;13;16;11;314;598;38;0
CIHANBEYLI;SAGLIK;27;3079;284;0;0;2;4;5;279;605;19;0
CIHANBEYLI;SIGIRCIK;10;3079;44;0;0;1;;2;44;156;2;0
CIHANBEYLI;TASPINAR;229;3079;989;1;0;146;71;22;1067;3417;118;0
CIHANBEYLI;TURANLAR;56;3079;353;0;0;0;5;4;363;302;7;0
CIHANBEYLI;TUFEKCIPINAR;15;3079;107;0;0;6;14;0;111;128;21;0
CIHANBEYLI;UZUNCAYAYLA;16;3079;44;0;0;6;2;3;50;130;14;0
CIHANBEYLI;UZERLIKTEPE;18;3079;42;0;0;7;2;2;45;78;10;0
CIHANBEYLI;YAPALI;156;3079;520;0;0;66;37;9;517;1245;66;0
CIHANBEYLI;YENICEOBA;394;3079;2572;0;0;149;651;36;3178;5650;745;0
CIHANBEYLI;YENIYAYLA;8;3079;34;0;0;0;;1;38;129;0;0
CIHANBEYLI;YESILOZ;106;3079;452;0;0;26;270;13;647;1444;394;0
CIHANBEYLI;YUNLUKUYU;18;3079;68;0;0;10;2;2;72;80;3;0
CIHANBEYLI;ZAFERIYE;39;3079;221;0;0;25;6;6;235;298;12;0
CELTIK;ADAKASIM;29;551;176;0;0;4;4;5;175;326;4;0
CELTIK;BAHCE SARAY;23;551;329;0;0;8;30;9;441;977;35;0
CELTIK;BAHCELIEVLER;41;551;349;0;0;14;37;6;423;948;42;0
CELTIK;DOGANYURT;22;551;77;0;0;8;1;3;77;106;4;0
CELTIK;FATIH;60;551;363;0;0;147;200;17;571;946;186;0
CELTIK;GOKPINAR;68;551;568;0;0;8;54;14;591;1464;61;0
CELTIK;HONAMLI;57;551;551;0;0;9;100;9;570;1320;110;0
CELTIK;ISHAKUSAGI;66;551;349;0;0;64;21;10;354;509;36;0
CELTIK;KARSIYAKA;62;551;310;0;0;10;20;7;316;511;32;0
CELTIK;KASOREN;33;551;183;0;0;10;10;8;187;291;10;0
CELTIK;KUCUKHASAN;48;551;340;0;0;14;25;9;364;566;26;0
CELTIK;SELCUK;62;551;489;0;0;37;140;13;691;1440;145;0
CELTIK;TORUNLAR;30;551;272;0;0;3;14;9;278;511;11;0
CELTIK;YUKARIALICOMAK;20;551;80;0;0;4;1;3;89;196;4;0
CUMRA;ABDITOLU;46;3171;179;0;0;15;8;5;229;635;25;23
CUMRA;ADAKALE;31;3171;162;0;0;3;3;7;170;481;3;2
CUMRA;AFSAR;13;3171;47;0;0;1;;2;51;60;0;4
CUMRA;ALEMDAR;42;3171;151;0;0;15;3;4;196;471;17;2
CUMRA;ALISSA;32;3171;119;0;0;5;;3;126;175;5;2
CUMRA;ALIBEYHUYUGU;240;3171;1137;0;0;97;111;35;1409;2637;169;129
CUMRA;APA;66;3171;338;0;0;76;10;10;432;566;24;21
CUMRA;APASARAYCIK;26;3171;194;0;0;2;4;5;201;481;4;4
CUMRA;ARIKOREN;86;3171;381;0;1;14;26;11;475;789;33;21
CUMRA;AVDUL;50;3171;208;0;0;17;10;6;244;459;15;9
CUMRA;BAGLAR;45;3171;820;0;0;26;30;17;1479;3795;38;8
CUMRA;BAKKALBASI;84;3171;932;0;0;19;50;19;1752;4494;59;5
CUMRA;BALCIKHISAR;27;3171;124;0;0;4;;2;144;319;5;8
CUMRA;BARAJ;67;3171;876;0;0;27;21;26;1074;2809;31;4
CUMRA;BARDAKCI;45;3171;1081;0;0;25;154;22;1924;4785;197;0
CUMRA;BEYLERCE;18;3171;45;0;0;8;1;4;54;101;5;1
CUMRA;BUYUKASLAMA;57;3171;378;0;0;35;19;9;423;854;33;10
CUMRA;CUMHURIYET;67;3171;427;0;0;36;19;15;1035;2197;38;13
CUMRA;CAYBASI;83;3171;413;0;0;71;415;35;1052;2619;574;5
CUMRA;CICEKKOY;27;3171;185;0;0;5;3;5;201;537;2;6
CUMRA;CUKURKAVAK;23;3171;135;0;0;3;2;5;155;260;3;4
CUMRA;DEDEMOGLU;36;3171;89;0;0;2;4;4;100;353;6;2
CUMRA;DINEK;59;3171;282;0;2;2;30;12;310;350;32;7
CUMRA;DINEKSARAY;27;3171;126;0;0;4;5;3;143;237;5;8
CUMRA;DINLENDIK;26;3171;39;0;0;17;4;2;62;114;17;9
CUMRA;DOGANLI;27;3171;154;0;0;9;;2;172;450;6;2
CUMRA;ERENTEPE;34;3171;104;0;0;6;2;5;120;149;19;7
CUMRA;FETHIYE;58;3171;116;0;0;31;17;4;174;295;69;13
CUMRA;GOKHUYUK;73;3171;313;0;0;28;14;10;387;850;26;19
CUMRA;GUVERCINLIK;86;3171;431;0;0;27;20;8;523;1398;57;8
CUMRA;HURRIYET;34;3171;197;0;0;13;16;6;329;889;18;11
CUMRA;ICERICUMRA;422;3171;2391;0;1;213;395;65;3156;6734;622;262
CUMRA;INLI;56;3171;64;0;0;21;1;3;106;139;18;27
CUMRA;ISTIKLAL;18;3171;45;0;0;3;10;2;65;116;14;4
CUMRA;IZZETBEY;60;3171;616;0;0;58;1070;69;2554;5523;1046;0
CUMRA;KARKIN;169;3171;1109;3;0;28;76;19;1297;3287;167;53
CUMRA;KUZUCU;50;3171;119;0;0;19;12;6;156;216;14;19
CUMRA;KUCUKKOY;57;3171;254;0;0;12;6;5;303;795;15;23
CUMRA;MEYDAN;72;3171;641;0;0;10;81;14;1695;4767;125;3
CUMRA;OKCU;154;3171;1031;0;0;212;80;31;1489;2643;177;27
CUMRA;SECME;17;3171;63;0;0;3;9;7;68;115;16;2
CUMRA;SURGUC;33;3171;182;0;0;2;1;6;186;377;3;1
CUMRA;TAHTALI;12;3171;80;0;0;0;;2;83;167;0;0
CUMRA;TASAGIL;96;3171;473;0;0;5;8;8;534;1414;31;3
CUMRA;TURKMENCAMILI;130;3171;355;0;0;16;24;11;421;787;37;16
CUMRA;TURKMENKARAHUYUK;46;3171;248;0;0;9;5;9;292;739;9;8
CUMRA;UZUNKUYU;63;3171;300;0;0;5;1;10;322;599;16;2
CUMRA;UCHUYUK;59;3171;285;0;0;11;3;6;314;799;5;5
CUMRA;URUNLU;41;3171;145;1;0;17;12;5;186;387;15;4
CUMRA;YENI;32;3171;194;0;0;15;47;23;292;651;98;5
CUMRA;YENIDOGAN;76;3171;962;0;0;11;22;11;1129;3200;37;3
CUMRA;YENISU;73;3171;439;0;0;14;29;12;525;1135;40;11
CUMRA;YORUKCAMILI;26;3171;68;0;0;5;;4;87;131;8;9
DERBENT;ARAPOZU;16;241;132;0;0;0;4;3;133;209;5;4
DERBENT;CAMIIKEBIR;70;241;470;0;0;24;98;31;622;846;205;29
DERBENT;CIFTLIKOZU;32;241;332;0;0;3;45;14;360;523;57;19
DERBENT;DEGIS;20;241;148;0;0;3;2;6;162;261;3;36
DERBENT;DERBENTTEKKE;12;241;154;0;0;4;;5;165;172;1;20
DERBENT;GUNEY;36;241;252;0;0;8;3;4;265;324;17;24
DERBENT;GUNEYKOY;7;241;49;0;0;1;2;5;55;64;2;13
DERBENT;HACI AHMET;36;241;442;0;0;4;6;11;457;683;40;18
DERBENT;KARALAR;9;241;42;0;0;0;;3;42;73;1;5
DERBENT;MULAYIM;17;241;219;0;0;4;7;5;225;455;10;4
DERBENT;SARAYPINAR;14;241;131;0;0;17;11;4;145;211;23;11
DERBENT;SULEYMAN;10;241;73;0;0;0;1;2;73;168;6;0
DERBENT;YUKARI;13;241;154;0;0;1;2;1;156;295;9;0
DEREBUCAK;CAMLIK;76;403;707;0;0;11;72;15;958;982;98;6
DEREBUCAK;DURAK;35;403;254;0;0;4;9;5;315;302;10;2
DEREBUCAK;GENCEK;59;403;486;0;0;12;57;9;632;960;85;7
DEREBUCAK;GOYNEM;57;403;340;0;0;12;29;10;552;985;42;5
DEREBUCAK;KENANKUYU;22;403;212;0;0;0;66;11;375;359;83;0
DEREBUCAK;MUSALLA;30;403;223;0;0;1;37;8;375;379;50;0
DEREBUCAK;PINARBASI;27;403;268;0;0;2;11;6;330;559;21;1
DEREBUCAK;SARAYONU;46;403;303;0;0;2;50;19;652;574;64;0
DEREBUCAK;TASLIPINAR;16;403;154;0;0;6;9;2;179;154;14;4
DEREBUCAK;TEPEARASI;21;403;118;0;0;3;5;3;129;168;7;4
DEREBUCAK;UGURLU;10;403;63;0;0;0;;4;66;40;0;2
DEREBUCAK;YENI;38;403;275;0;0;1;51;3;554;493;53;2
DOGANHISAR;AGA;14;739;125;0;0;5;3;5;220;211;3;0
DOGANHISAR;AYASLAR;54;739;646;0;0;15;29;10;763;1187;40;3
DOGANHISAR;BAS;22;739;186;0;0;4;4;2;273;379;3;1
DOGANHISAR;BASKOY;80;739;872;0;0;18;75;15;1011;2045;109;0
DOGANHISAR;CUMA;8;739;85;0;0;2;22;1;149;178;25;0
DOGANHISAR;CINAROBA;30;739;486;0;0;19;27;12;524;648;40;0
DOGANHISAR;DESTIGIN;54;739;542;0;0;20;35;15;701;1007;40;5
DOGANHISAR;FIRINLI;16;739;104;0;0;6;;3;111;214;0;0
DOGANHISAR;GUVENDIK;11;739;134;0;0;4;;5;134;335;0;0
DOGANHISAR;HARMAN;66;739;604;0;0;34;130;20;999;1321;159;1
DOGANHISAR;ILYASLAR;28;739;197;0;0;7;6;6;214;505;10;0
DOGANHISAR;KARAAGA;63;739;875;0;0;31;56;16;1008;1242;76;0
DOGANHISAR;KEMER;30;739;215;0;0;11;2;5;258;389;14;1
DOGANHISAR;KOCAS;42;739;440;0;0;10;4;6;465;562;7;0
DOGANHISAR;KONAKKALE;30;739;300;0;0;10;6;7;349;544;10;0
DOGANHISAR;KUZ;28;739;332;0;0;16;69;23;690;956;70;0
DOGANHISAR;PAZAR;43;739;348;1;0;7;146;39;712;979;175;0
DOGANHISAR;SIH;54;739;289;0;0;16;45;9;540;739;51;5
DOGANHISAR;TEKKEKOY;7;739;37;0;0;2;;3;45;90;0;0
DOGANHISAR;UNCULAR;38;739;195;0;0;8;5;9;215;491;9;0
DOGANHISAR;YAZIR;14;739;68;0;0;1;;3;73;87;0;0
DOGANHISAR;YAZLICA;34;739;309;0;0;18;4;9;350;617;8;0
DOGANHISAR;YEGIN;12;739;157;0;0;1;;6;213;250;3;0
DOGANHISAR;YENICE;54;739;392;0;0;2;17;6;526;736;22;0
EMIRGAZI;AKMESCIT;40;510;253;0;0;8;63;14;362;924;74;0
EMIRGAZI;BESCI;29;510;134;0;0;29;1;2;143;354;13;0
EMIRGAZI;CAMIKEBIR;24;510;72;0;0;2;117;10;107;163;136;1
EMIRGAZI;CUMHURIYET;22;510;188;0;0;11;32;4;204;560;35;0
EMIRGAZI;DEMIRCI;74;510;377;0;0;26;8;14;394;1377;11;0
EMIRGAZI;EKIZLI;14;510;136;0;0;3;1;4;145;243;8;1
EMIRGAZI;FATIH;63;510;302;0;0;56;42;12;336;735;39;3
EMIRGAZI;GOLOREN;20;510;105;0;0;13;4;3;109;131;5;0
EMIRGAZI;ISIKLAR;85;510;417;0;0;50;12;16;447;1165;32;2
EMIRGAZI;KALE;95;510;478;0;0;109;35;6;517;1204;37;1
EMIRGAZI;KARAOREN;11;510;71;0;0;1;8;2;71;115;8;1
EMIRGAZI;MESELI;5;510;40;0;0;1;1;2;44;26;1;1
EMIRGAZI;OBEKTAS;8;510;58;0;0;1;;2;59;93;0;0
EMIRGAZI;TURBE;30;510;193;0;0;7;8;3;195;614;7;0
EMIRGAZI;YAMAC;16;510;96;0;0;36;2;3;124;453;8;0
EMIRGAZI;YENI;35;510;156;0;0;14;2;2;160;506;3;1
EREGLI;500 EVLER;35;3186;564;0;1;6;46;8;595;972;47;1
EREGLI;ACIKUYU;20;3186;97;0;0;24;5;4;114;207;9;1
EREGLI;ACIPINAR;17;3186;52;2;0;7;10;3;58;174;15;3
EREGLI;ADABAG;16;3186;98;0;0;2;8;1;101;269;9;1
EREGLI;AKHUYUK;11;3186;86;0;0;9;1;1;93;186;5;1
EREGLI;ALHAN;51;3186;431;0;0;10;9;10;453;1347;22;2
EREGLI;ALPASLAN;13;3186;73;0;0;10;387;2;483;1038;458;0
EREGLI;ASAGIGONDELEN;27;3186;169;0;0;38;11;3;189;494;32;7
EREGLI;ASIKLAR;9;3186;59;0;0;0;3;2;62;186;13;0
EREGLI;ATAKENT;33;3186;339;4;0;15;39;9;649;1043;37;1
EREGLI;AYDINLAR;88;3186;1063;1;0;13;53;9;1823;4557;58;7
EREGLI;AZIZIYE;74;3186;940;2;0;76;81;13;1036;2870;181;13
EREGLI;BAHCELI;22;3186;59;0;3;8;27;4;66;154;57;0
EREGLI;BARBAROS;100;3186;1019;4;0;24;104;12;2425;6161;126;0
EREGLI;BATIALAGOZLU;36;3186;403;1;0;8;26;5;1194;2720;25;0
EREGLI;BELCEAGAC;25;3186;426;0;0;5;15;9;459;714;32;8
EREGLI;BELKAYA;136;3186;1449;1;0;87;125;34;1487;4111;190;7
EREGLI;BEYKOY;26;3186;219;0;0;15;7;4;229;628;19;1
EREGLI;BEYOREN;24;3186;105;0;0;26;2;6;122;293;9;1
EREGLI;BOYACIALI;26;3186;45;0;0;21;770;8;458;736;693;0
EREGLI;BULGURLUK;46;3186;288;0;1;16;20;6;303;683;64;4
EREGLI;BURHANIYE;10;3186;116;0;0;2;2;4;126;253;8;5
EREGLI;BUYUKDEDE;17;3186;125;0;0;3;10;4;131;181;12;3
EREGLI;CAHI;121;3186;1257;3;0;10;183;16;2194;5757;188;4
EREGLI;CAMIKEBIR;18;3186;129;0;0;17;32;12;519;1259;35;0
EREGLI;CINLER;79;3186;769;6;0;40;56;5;1324;3004;58;3
EREGLI;CAKMAK;29;3186;177;1;0;8;21;11;198;407;35;5
EREGLI;CAYHAN;58;3186;989;1;0;50;71;17;1060;1791;125;25
EREGLI;CILLER;18;3186;144;7;0;31;12;2;149;390;23;1
EREGLI;CIMENCIK;38;3186;402;0;0;9;8;6;431;1146;19;0
EREGLI;COMLEKCI;86;3186;1021;0;0;5;95;8;1826;3857;98;6
EREGLI;DALMAZ;17;3186;153;0;0;2;76;5;828;2039;85;2
EREGLI;DOGUALAGOZLU;51;3186;687;3;0;4;37;6;1009;2086;44;0
EREGLI;ETI;53;3186;449;0;0;19;156;15;2541;6111;175;0
EREGLI;FATIH;57;3186;528;1;0;58;70;3;1535;2897;75;0
EREGLI;GAYBI;24;3186;216;9;0;1;23;16;222;216;22;8
EREGLI;GOKCEYAZI;66;3186;373;0;0;32;31;7;413;611;77;16
EREGLI;GOKTOME;8;3186;58;1;0;1;1;4;59;147;10;0
EREGLI;GULBAHCE;38;3186;376;1;0;18;86;10;1402;3246;97;0
EREGLI;HACIMEMIS;37;3186;702;1;0;29;35;10;795;1959;66;5
EREGLI;HACIMUSTAFA;29;3186;291;0;0;7;128;15;1518;3694;116;0
EREGLI;HACIMUTAHIR;30;3186;288;1;0;66;995;10;2397;5006;569;1
EREGLI;HAMIDIYE;23;3186;156;0;0;1;237;4;1022;2400;226;0
EREGLI;HIDIRLI;34;3186;292;0;0;1;260;7;904;2261;310;0
EREGLI;HORTU;87;3186;546;1;0;39;39;9;559;1481;66;6
EREGLI;KAMISLIKUYU;21;3186;175;0;0;10;10;4;184;485;16;2
EREGLI;KARABURUN;22;3186;147;0;0;2;4;2;153;432;10;2
EREGLI;KARGACI;42;3186;263;2;0;65;82;3;297;677;120;2
EREGLI;KAZANCI;21;3186;244;0;0;2;87;11;1381;3111;101;0
EREGLI;KIZILGEDIK;3;3186;9;0;0;0;;1;8;25;0;0
EREGLI;KUSKUNCUK;27;3186;169;0;0;11;8;5;174;477;21;1
EREGLI;KUTOREN;65;3186;526;0;0;31;37;9;559;1483;82;8
EREGLI;KUZUKUYU;30;3186;92;1;0;18;7;5;107;288;28;2
EREGLI;MEHMET AKIF;30;3186;338;0;0;32;39;5;1827;4299;46;0
EREGLI;MELICEK;33;3186;237;2;0;2;11;5;244;447;30;3
EREGLI;MIMAR SINAN;41;3186;368;3;0;25;39;8;807;1948;43;0
EREGLI;NAMIK KEMAL;103;3186;1398;1;0;29;336;21;2190;5517;313;6
EREGLI;ORHANGAZI;79;3186;923;0;0;19;130;7;2002;4856;147;0
EREGLI;ORHANIYE;54;3186;1216;2;0;2;46;17;1683;4129;65;1
EREGLI;OZGURLER;18;3186;168;0;0;1;6;4;171;603;7;0
EREGLI;PINAROZU;16;3186;88;0;0;4;5;3;93;233;10;0
EREGLI;PIROMER;26;3186;106;0;0;10;498;6;828;2097;375;0
EREGLI;SARICA;14;3186;194;0;0;12;5;4;225;250;26;10
EREGLI;SARITOPALLI;21;3186;183;0;0;35;16;7;526;490;32;1
EREGLI;SELCUKLU;19;3186;24;0;0;8;585;6;149;227;482;5
EREGLI;SERVILI;41;3186;265;0;0;8;9;5;276;835;37;5
EREGLI;SUMER;12;3186;26;1;0;2;152;50;405;864;104;1
EREGLI;SINASI;81;3186;977;9;0;40;42;8;1546;3770;55;2
EREGLI;TALATPASA;70;3186;570;1;0;51;334;5;1207;2718;394;2
EREGLI;TASAGIL;40;3186;226;3;0;40;8;7;249;467;33;5
EREGLI;TASBUDAK;16;3186;81;0;0;13;2;7;93;271;5;5
EREGLI;TATLIKUYU;20;3186;140;0;0;5;4;3;147;406;12;4
EREGLI;TOROS;50;3186;125;5;0;45;91;31;1436;2797;111;4
EREGLI;TURBE;59;3186;919;4;0;8;91;22;2624;5785;107;0
EREGLI;TURKMEN;20;3186;240;0;0;1;13;4;248;635;23;0
EREGLI;ULUMESE;19;3186;123;0;0;2;;3;136;238;5;1
EREGLI;UCGOZ;30;3186;261;0;0;4;74;5;1223;2646;82;0
EREGLI;YAZLIK;51;3186;416;0;0;33;8;4;479;720;16;6
EREGLI;YELLICE;23;3186;261;0;0;2;5;6;270;623;21;3
EREGLI;YENIBAGLAR;44;3186;657;0;0;5;15;6;725;1964;22;0
EREGLI;YENIKOY;52;3186;251;0;1;60;16;3;266;578;32;1
EREGLI;YILDIRIMBEYAZIT;38;3186;602;2;0;6;21;2;667;1516;23;3
EREGLI;YILDIZLI;37;3186;292;1;0;10;8;5;315;305;25;13
EREGLI;YUKARIGONDELEN;27;3186;105;0;0;17;8;2;119;278;15;3
EREGLI;YUNUSLU;58;3186;507;0;0;30;51;6;1656;4469;68;0
EREGLI;ZENGEN;120;3186;793;0;0;181;115;34;909;1877;169;21
EREGLI;ZIYA GOKALP;134;3186;908;0;0;40;723;17;1692;4111;834;5
GUNEYSINIR;AGRAS;15;534;124;0;0;2;1;4;130;348;0;0
GUNEYSINIR;AVCITEPE;11;534;40;0;0;5;2;3;42;72;3;2
GUNEYSINIR;AYDOGMUS;26;534;208;0;0;4;10;8;231;320;13;2
GUNEYSINIR;BARDAS;40;534;370;0;0;7;34;15;402;611;42;5
GUNEYSINIR;DURAYDA;27;534;236;0;0;1;2;8;248;315;4;3
GUNEYSINIR;EMIRHAN;5;534;44;0;0;1;;3;48;75;0;2
GUNEYSINIR;GUNEYBAG;82;534;833;0;0;24;117;13;1040;1966;179;12
GUNEYSINIR;GURAGAC;32;534;511;0;0;47;70;13;621;1430;93;3
GUNEYSINIR;HABILLER;26;534;203;0;0;4;;6;224;198;0;7
GUNEYSINIR;KARASINIR;126;534;811;0;0;29;219;23;1119;1978;334;8
GUNEYSINIR;KAYAAGZI;14;534;139;0;0;0;3;5;145;292;2;1
GUNEYSINIR;KIZILOZ;21;534;199;0;0;8;2;5;208;305;7;4
GUNEYSINIR;KURUKAVAK;14;534;73;0;0;1;;2;75;61;0;0
GUNEYSINIR;MEHMET ALI;19;534;144;0;0;8;2;5;156;323;4;6
GUNEYSINIR;MEVLANA;70;534;129;0;0;31;122;47;344;588;95;5
GUNEYSINIR;OMEROGLU;20;534;114;0;0;1;;3;117;156;0;0
GUNEYSINIR;ORENBOYALI;16;534;96;0;0;1;2;4;110;148;6;11
GUNEYSINIR;SARIHACI;12;534;152;0;0;2;13;6;167;226;13;4
HADIM;ARMAGANLAR;24;814;193;0;0;11;7;12;287;486;11;2
HADIM;ASAGI HADIM;62;814;429;0;0;33;4;7;496;364;9;6
HADIM;ASAGI MERNEK;4;814;25;0;0;0;;2;25;45;0;0
HADIM;ASAGIESENLER;44;814;458;0;0;2;11;10;503;544;13;8
HADIM;BADEMLI;21;814;331;0;0;6;24;12;352;444;32;0
HADIM;BEYRELI;89;814;940;0;0;1;6;9;1112;193;8;168
HADIM;BOLAT;38;814;399;0;0;0;13;11;460;897;17;62
HADIM;CIFTEPINAR;13;814;85;0;0;0;1;1;85;61;2;0
HADIM;DEDEMLI;80;814;997;0;0;8;48;17;1048;1052;64;15
HADIM;DOLHANLAR;15;814;186;0;0;0;2;2;193;264;2;5
HADIM;DULGERLER;38;814;199;0;0;0;2;8;201;143;0;5
HADIM;EGISTE;46;814;434;0;0;3;23;13;464;791;28;8
HADIM;FAKILAR;10;814;33;0;0;0;;2;35;89;0;0
HADIM;GAZILER;22;814;154;0;0;0;;3;156;203;0;1
HADIM;GEREZ;28;814;274;0;0;0;11;6;288;456;14;5
HADIM;GEZLEVI;57;814;893;0;0;21;30;14;976;1413;37;27
HADIM;GOYNUKKISLA;22;814;266;0;0;0;10;6;276;625;12;3
HADIM;HOCALAR;46;814;205;0;0;1;2;3;217;166;3;8
HADIM;IGDEOREN;7;814;35;0;0;0;;2;38;34;0;2
HADIM;KALINAGIL;12;814;134;0;0;2;1;2;142;117;1;2
HADIM;KAPLANLI;18;814;88;0;0;0;5;2;88;64;5;1
HADIM;KUPLUCE;19;814;84;0;0;0;;3;84;110;0;0
HADIM;MERNEK;33;814;213;0;0;0;2;3;223;125;3;11
HADIM;ODUNCU;5;814;63;0;0;1;;2;64;52;0;0
HADIM;SARNIC;12;814;91;0;0;0;;4;91;114;0;0
HADIM;SELAHATTIN;8;814;45;0;0;0;;1;44;91;0;0
HADIM;TASPINAR;37;814;646;0;0;32;219;29;1053;1832;243;2
HADIM;UMURLAR;12;814;56;0;0;0;;2;56;75;0;0
HADIM;YAGCI;15;814;208;0;0;2;2;4;212;287;4;3
HADIM;YELMEZ;17;814;138;0;0;5;3;2;140;156;1;1
HADIM;YENIKONAK;32;814;170;0;0;1;;2;174;274;0;3
HADIM;YUKARIESENLER;18;814;185;0;0;1;;2;204;205;0;2
HALKAPINAR;BAHCELIEVLER;75;280;614;0;0;44;71;24;965;1208;107;17
HALKAPINAR;BUYUKDOGAN;16;280;151;0;0;1;5;5;154;271;10;0
HALKAPINAR;CUMHURIYET;20;280;197;0;1;0;16;5;219;242;20;1
HALKAPINAR;CAKILLAR;21;280;126;0;0;1;10;6;129;235;18;0
HALKAPINAR;DEDELI;12;280;65;0;0;1;3;2;66;118;3;1
HALKAPINAR;DELIMAHMUTLU;9;280;120;0;0;0;6;3;118;280;3;0
HALKAPINAR;ESKIHISAR;13;280;83;0;0;0;2;1;81;153;3;0
HALKAPINAR;IVRIZ;30;280;257;0;0;2;17;3;281;190;26;7
HALKAPINAR;KARAYUSUFLU;10;280;62;0;0;0;1;1;62;85;1;0
HALKAPINAR;KAYASARAY;14;280;72;0;0;0;2;3;74;102;2;1
HALKAPINAR;KORLU;15;280;64;0;0;0;6;3;66;92;7;1
HALKAPINAR;KUSERE;12;280;129;0;0;1;6;2;131;218;7;1
HALKAPINAR;NERNEK;15;280;101;0;0;1;5;2;103;132;9;2
HALKAPINAR;OSMANKOSELI;14;280;127;0;0;4;8;2;134;215;8;1
HALKAPINAR;SEYDIFAKILI;19;280;145;0;0;7;5;4;153;340;12;9
HALKAPINAR;YASSIKAYA;7;280;68;0;0;0;;3;68;97;0;0
HALKAPINAR;YESILYURT;7;280;40;0;0;0;8;1;42;83;11;2
HUYUK;AKDAG;28;946;219;0;0;30;3;2;498;933;9;1
HUYUK;BAHCELI EVLER;66;946;381;0;0;31;239;34;799;1258;339;20
HUYUK;BASLAMIS;17;946;153;0;0;6;2;1;179;204;3;14
HUYUK;BUDAK;26;946;320;0;0;8;11;7;372;457;14;4
HUYUK;BURUNSUZ;72;946;419;0;0;5;21;6;477;598;28;5
HUYUK;CUMHURIYET;13;946;101;0;0;1;4;5;165;360;10;1
HUYUK;CAMLICA;48;946;458;0;0;20;15;13;496;1106;16;5
HUYUK;CAVUS;70;946;556;0;0;38;23;6;638;584;41;19
HUYUK;CUKURKENT;21;946;164;0;0;0;6;2;182;261;17;3
HUYUK;DEGIRMENALTI;24;946;190;0;0;4;7;2;239;241;11;1
HUYUK;GOCERI;50;946;371;0;0;10;13;12;415;449;21;14
HUYUK;GORUNMEZ;23;946;298;0;0;19;8;6;355;366;10;4
HUYUK;ILMEN;49;946;428;0;0;14;24;10;492;736;35;1
HUYUK;IMRENLER;127;946;975;0;0;31;61;18;1163;1217;106;4
HUYUK;KIRELI;75;946;764;0;0;18;82;19;1068;1755;131;4
HUYUK;KOSK;61;946;516;0;0;10;22;8;551;627;27;13
HUYUK;MUTLU;55;946;498;0;0;25;27;9;566;635;32;14
HUYUK;PINARBASI;25;946;247;0;0;17;4;5;307;307;7;1
HUYUK;SELKI;57;946;723;0;0;37;37;17;811;1439;76;13
HUYUK;SULUDERE;51;946;392;0;0;35;14;7;502;907;23;11
HUYUK;TOLCA;22;946;288;0;0;9;14;6;364;510;18;5
HUYUK;ULUPINAR;37;946;339;0;0;1;31;8;429;760;39;2
HUYUK;YENICE;14;946;89;0;0;4;3;1;103;133;12;0
ILGIN;AGALAR;46;1968;257;0;0;13;6;7;259;658;15;1
ILGIN;ARGITHANI;243;1968;1460;0;0;46;159;34;1763;2621;211;4
ILGIN;AVDAN;21;1968;138;0;0;4;;4;135;245;1;0
ILGIN;AYVATDEDE;41;1968;505;0;0;41;71;15;1085;2639;79;0
ILGIN;BALKI;43;1968;307;0;0;8;14;9;317;756;25;0
ILGIN;BARAKMUSLU;21;1968;137;0;0;0;1;6;136;283;3;0
ILGIN;BEHLULBEY;38;1968;354;0;0;45;30;12;1129;2795;19;0
ILGIN;BELEKLER;11;1968;251;0;0;3;5;5;254;431;10;0
ILGIN;BEYKONAK;56;1968;503;0;0;6;33;20;524;1031;38;0
ILGIN;BOGAZKENT;24;1968;136;0;0;5;4;3;136;169;8;0
ILGIN;BULCUK;34;1968;235;0;0;24;3;9;215;366;15;0
ILGIN;BUYUKOBA;32;1968;208;0;0;10;10;8;191;339;11;0
ILGIN;CAMIIATIK;79;1968;474;0;0;63;1057;33;1440;3111;1046;0
ILGIN;CATAK;15;1968;123;0;0;12;;3;128;208;0;0
ILGIN;CAVUSCUGOL;66;1968;408;0;0;7;33;15;436;855;40;0
ILGIN;CIGIL;60;1968;1295;0;0;14;159;22;1439;2918;196;0
ILGIN;COBANKAYA;28;1968;133;0;0;0;;6;138;200;1;0
ILGIN;COMLEKCI;13;1968;71;0;0;1;1;3;71;111;0;0
ILGIN;DEREKOY;6;1968;48;0;0;1;;3;46;98;0;0
ILGIN;DIGRAK;5;1968;22;0;0;3;;2;23;74;0;0
ILGIN;DUGER;18;1968;166;0;0;1;4;7;169;424;3;0
ILGIN;ELDES;26;1968;226;0;0;2;2;6;228;406;1;0
ILGIN;ESENTEPE;42;1968;452;0;0;6;14;5;542;1304;16;0
ILGIN;FAHRETTIN ALTAY;46;1968;399;0;0;10;47;18;534;1244;53;0
ILGIN;FATIH;56;1968;705;0;0;30;115;16;1511;3780;135;1
ILGIN;GECITKOY;25;1968;172;0;0;0;1;4;169;310;3;0
ILGIN;GEDIKOREN;19;1968;112;0;0;7;1;4;116;309;2;0
ILGIN;GOKBUDAK;11;1968;93;0;0;2;1;3;97;183;3;0
ILGIN;GOKCEYURT;37;1968;381;0;0;1;6;8;362;492;9;0
ILGIN;GOLYAKA;18;1968;117;0;0;0;3;5;118;212;9;0
ILGIN;GOSTERE;29;1968;255;0;0;2;9;3;260;496;10;0
ILGIN;GUNEYPINAR;8;1968;62;0;0;0;;2;60;136;0;0
ILGIN;HARMANYAZI;25;1968;239;0;0;6;11;7;255;783;13;1
ILGIN;ILICA;74;1968;770;0;0;21;170;45;1038;2363;68;0
ILGIN;IHSANIYE;37;1968;164;0;0;12;1;4;147;234;2;1
ILGIN;ISTASYON;39;1968;370;0;0;17;66;21;427;936;88;0
ILGIN;KALEKOY;11;1968;50;0;0;2;2;2;50;60;2;0
ILGIN;KAPAKLI;25;1968;331;0;0;3;8;8;330;279;10;0
ILGIN;KARAKOY;26;1968;195;0;0;6;1;6;196;364;2;1
ILGIN;MAHMUTHISAR;47;1968;315;0;0;16;15;4;302;501;21;0
ILGIN;MECIDIYE;39;1968;179;0;1;11;16;8;176;359;18;0
ILGIN;MILLI EGEMENLIK;50;1968;639;0;0;31;64;5;2040;5563;67;0
ILGIN;MISAFIRLI;16;1968;69;0;0;0;1;2;69;129;1;0
ILGIN;OLUKPINAR;23;1968;72;0;0;9;3;3;75;228;9;1
ILGIN;ORHANIYE;39;1968;325;0;0;13;31;21;424;988;32;0
ILGIN;ORMANOZU;12;1968;54;0;0;1;1;2;49;54;1;0
ILGIN;SADIKKOY;22;1968;107;0;0;2;5;5;110;187;4;0
ILGIN;SAHIP ATA;19;1968;156;0;0;2;7;1;339;774;8;0
ILGIN;SEBILLER;14;1968;42;0;0;1;;3;42;98;0;0
ILGIN;SIHBEDRETTIN;74;1968;719;0;0;41;53;11;1084;2396;66;2
ILGIN;SIHCARULLAH;105;1968;1079;0;0;32;159;27;1463;3242;180;1
ILGIN;TEKELER;21;1968;84;0;0;0;2;2;84;181;1;2
ILGIN;UCARI;91;1968;968;0;0;43;197;15;1554;3329;214;0
ILGIN;YORAZLAR;25;1968;132;0;0;0;1;4;132;343;3;1
ILGIN;YUKARICIGIL;42;1968;775;0;0;10;70;14;853;2119;86;0
ILGIN;ZAFERIYE;21;1968;121;0;0;23;23;4;122;302;27;0
KADINHANI;AFSARLI;9;1354;42;0;0;1;1;1;43;64;4;0
KADINHANI;ALABAG;21;1354;83;0;0;26;4;3;101;177;15;1
KADINHANI;ATLANTI;119;1354;983;0;0;50;49;19;1038;2446;125;2
KADINHANI;BAKIRPINAR;12;1354;43;0;0;2;;1;42;72;5;0
KADINHANI;BASKUYU;64;1354;433;0;0;2;34;21;437;616;46;7
KADINHANI;BAYRAMLI;18;1354;107;0;0;9;1;2;129;238;78;0
KADINHANI;BEYKAVAGI;16;1354;193;0;0;7;6;4;204;327;11;3
KADINHANI;BULGURPINARI;8;1354;47;0;0;0;;2;46;69;1;0
KADINHANI;CAVDAR;27;1354;83;0;0;2;1;3;89;165;5;3
KADINHANI;CESMECIK;28;1354;325;0;0;16;7;9;344;1213;25;0
KADINHANI;CUBUK;9;1354;41;0;0;3;;3;40;126;4;0
KADINHANI;DEMIROLUK;14;1354;141;0;0;7;;5;148;284;7;9
KADINHANI;DOGANLAR;43;1354;512;0;0;11;157;16;725;1691;283;0
KADINHANI;GUNGOREN;41;1354;269;0;0;8;144;17;435;879;226;0
KADINHANI;HACIMEHMETLI;28;1354;200;0;0;24;1;5;223;401;9;0
KADINHANI;HACIOFLAZLAR;25;1354;156;0;0;1;1;3;158;356;8;0
KADINHANI;HACIPIRLI;20;1354;110;0;0;7;2;2;117;182;5;0
KADINHANI;ISTIKLAL;39;1354;399;0;0;12;124;26;455;1099;227;0
KADINHANI;KABACALI;13;1354;37;0;0;3;5;2;39;34;6;0
KADINHANI;KAMISLIOZU;21;1354;87;0;0;31;1;3;118;183;7;2
KADINHANI;KARAHISARLI;16;1354;85;0;0;4;1;2;88;135;1;0
KADINHANI;KARAKAYA;53;1354;554;0;0;14;50;17;577;1405;97;0
KADINHANI;KARAKURTLU;20;1354;71;0;0;1;1;1;70;125;2;2
KADINHANI;KARASEVINC;19;1354;101;0;0;3;;1;111;177;16;0
KADINHANI;KARAYURUKLU;14;1354;50;0;0;1;3;1;56;74;15;1
KADINHANI;KAYABASI;44;1354;516;0;0;13;38;5;715;1668;111;2
KADINHANI;KIZILKUYU;22;1354;79;0;0;0;4;4;79;167;17;0
KADINHANI;KOLUKISA BERATLI;67;1354;574;0;0;55;62;16;665;1714;148;24
KADINHANI;KOLUKISA MESCIT;66;1354;477;0;0;62;15;1;560;1029;127;46
KADINHANI;KONUROREN;15;1354;129;0;0;5;1;2;134;304;12;0
KADINHANI;KOKEZ;23;1354;184;0;0;6;1;7;194;407;24;1
KADINHANI;KOYLUTOLU;17;1354;83;0;0;2;5;4;86;101;10;0
KADINHANI;KURTHASANLI;24;1354;96;0;0;7;5;7;109;144;12;0
KADINHANI;KUCUKKUYU;6;1354;22;0;0;9;1;1;28;30;6;0
KADINHANI;MAHMUDIYE;25;1354;156;0;0;0;3;2;157;236;9;0
KADINHANI;MEYDANLI;40;1354;201;0;0;10;6;6;219;412;22;0
KADINHANI;OSMANCIK;40;1354;396;0;0;22;55;11;409;1172;87;0
KADINHANI;ORNEK;35;1354;418;0;0;8;7;7;427;689;31;0
KADINHANI;PINARBASI;70;1354;716;0;0;24;22;13;789;1754;43;0
KADINHANI;PIRALI;8;1354;75;0;0;2;;3;76;249;11;0
KADINHANI;PUSAT;33;1354;208;0;0;20;3;6;229;534;33;0
KADINHANI;SACIKARA;38;1354;351;0;0;18;22;6;373;868;51;0
KADINHANI;SARIKAYA;47;1354;488;0;0;9;16;7;495;503;58;2
KADINHANI;SOGUTOZU;22;1354;243;0;0;13;11;6;261;519;26;3
KADINHANI;SAHOREN;18;1354;156;0;0;15;4;3;171;224;17;1
KADINHANI;TEPEBASI;77;1354;701;0;0;54;235;43;1335;3137;427;1
KADINHANI;TOSUNOGLU;13;1354;32;0;0;1;1;2;31;105;3;0
KADINHANI;TURGUTLU;47;1354;434;0;0;8;67;7;473;1005;123;0
KADINHANI;UNVEREN;33;1354;200;0;0;4;107;5;231;449;219;0
KADINHANI;YAGLICA;18;1354;238;0;0;5;6;4;248;388;19;2
KADINHANI;YAYLAYAKA;11;1354;29;0;0;5;5;3;36;55;4;1
KADINHANI;YENI;28;1354;407;0;0;27;35;9;418;1151;68;0
KADINHANI;ZAFER;22;1354;292;0;0;9;33;7;288;802;42;0
KARAPINAR;ADALET;103;2585;684;2;0;47;369;16;1051;2883;503;2
KARAPINAR;AKCAYAZI;53;2585;289;0;0;20;7;10;301;705;49;1
KARAPINAR;AKOREN;93;2585;240;1;0;56;11;9;263;516;40;3
KARAPINAR;ALAADDIN;22;2585;222;0;0;22;163;9;703;1865;193;0
KARAPINAR;APAK;18;2585;151;0;0;22;158;12;409;1051;211;0
KARAPINAR;CUMHURIYET;100;2585;879;3;0;39;21;6;969;3081;45;0
KARAPINAR;CETMI;52;2585;183;0;1;52;11;5;253;600;21;0
KARAPINAR;CIGIL;10;2585;30;0;0;2;;1;31;60;2;0
KARAPINAR;FATIH;50;2585;524;1;0;26;7;6;627;1808;26;9
KARAPINAR;FEVZI PASA;271;2585;1339;1;0;215;17;15;1377;1916;279;15
KARAPINAR;GAZI OSMAN PASA;108;2585;401;0;0;68;13;14;417;568;98;2
KARAPINAR;HACI ISA;33;2585;219;0;1;15;116;2;361;906;158;0
KARAPINAR;HACI OMERLI;13;2585;54;0;0;19;149;4;203;424;206;1
KARAPINAR;HANKAPI;27;2585;274;0;0;3;130;19;525;1306;181;1
KARAPINAR;HASANOBA;29;2585;108;0;0;11;;5;110;246;8;0
KARAPINAR;HOTAMIS;131;2585;727;0;0;33;34;15;750;1913;101;1
KARAPINAR;IPEKCI;126;2585;428;1;0;236;157;39;697;1824;264;0
KARAPINAR;ISLIK;107;2585;589;0;0;19;4;12;602;1082;16;0
KARAPINAR;ISMET PASA;24;2585;171;0;0;2;54;5;251;571;80;0
KARAPINAR;KALE;21;2585;113;0;0;21;173;3;282;595;219;0
KARAPINAR;KARAKISLA;22;2585;106;0;0;5;1;3;111;238;38;1
KARAPINAR;KAYACIK;32;2585;156;0;0;17;;4;162;375;7;0
KARAPINAR;KAYALI;177;2585;807;0;0;24;21;25;836;2480;61;2
KARAPINAR;KAZANHUYUGU;35;2585;61;0;0;12;1;2;64;206;4;0
KARAPINAR;KESMEZ;83;2585;368;0;0;35;3;6;390;1798;24;2
KARAPINAR;KUCUKASLAMA;23;2585;155;0;0;2;2;3;154;228;3;0
KARAPINAR;KULLU;11;2585;95;0;0;1;12;3;153;323;23;0
KARAPINAR;ORTAOBA;30;2585;189;0;0;8;;6;201;548;11;0
KARAPINAR;OYMALI;31;2585;143;1;0;23;18;5;158;319;59;12
KARAPINAR;PINARBASI;71;2585;315;1;0;48;15;9;621;1518;33;1
KARAPINAR;RESADIYE;238;2585;1076;1;0;129;102;20;1218;2209;282;8
KARAPINAR;SANDIKLI;150;2585;941;0;0;79;26;18;2044;5257;122;2
KARAPINAR;SAZLIPINAR;86;2585;384;0;0;16;7;6;401;1050;28;5
KARAPINAR;SELIMIYE;20;2585;133;0;0;0;124;2;229;381;165;0
KARAPINAR;TURUDIYE;26;2585;311;0;2;11;70;2;470;1188;96;0
KARAPINAR;ULUS;136;2585;347;0;0;89;52;13;548;1184;122;1
KARAPINAR;YAGMAPINAR;5;2585;57;0;0;3;1;4;59;147;1;0
KARAPINAR;YENI;22;2585;254;0;0;11;53;2;362;1108;56;0
KARAPINAR;YENIKUYU;21;2585;120;0;0;8;1;4;123;229;7;0
KARAPINAR;YESILYURT;89;2585;935;0;0;64;13;21;909;2717;59;1
KARAPINAR;YUNUS EMRE;103;2585;532;0;0;31;8;11;630;1774;18;1
KARAPINAR;ZAFER;22;2585;314;0;0;21;99;7;742;2195;106;0
KARATAY;ACIDORT;49;5141;115;0;0;10;24;4;116;159;60;20
KARATAY;AGSAKLI;32;5141;177;0;0;17;39;4;175;429;53;2
KARATAY;AKABE;101;5141;1111;1;0;182;1542;100;7077;19876;587;5
KARATAY;AKBAS;15;5141;42;0;0;11;3;2;44;101;30;6
KARATAY;AKCESME;39;5141;195;0;0;5;463;17;342;746;229;0
KARATAY;AKIFPASA;21;5141;199;0;0;10;48;9;1352;4167;43;2
KARATAY;AKORENKISLA;116;5141;559;0;0;55;49;13;513;731;120;29
KARATAY;AZIZIYE;97;5141;596;0;0;108;1894;45;1354;3602;874;1
KARATAY;BAKIRTOLU;25;5141;95;0;0;9;25;5;95;215;47;2
KARATAY;BASAK;99;5141;621;0;0;206;78;8;707;3581;74;15
KARATAY;BASGOTUREN;22;5141;123;0;0;1;1;5;124;170;40;2
KARATAY;BESAGIL;42;5141;355;0;0;50;61;11;359;651;84;33
KARATAY;BUYUK SINAN;35;5141;210;0;0;12;254;16;2997;8923;185;1
KARATAY;BUYUKBURNAK;35;5141;173;0;0;13;23;5;170;274;71;3
KARATAY;CATALHUYUK;217;5141;2497;0;1;188;213;26;4571;14090;193;33
KARATAY;CATALTOMEK;34;5141;287;0;0;30;71;9;1436;4498;49;1
KARATAY;CELEBI;39;5141;238;0;0;111;146;9;1616;4313;135;0
KARATAY;CENGILTI;24;5141;111;0;0;21;7;4;122;241;25;24
KARATAY;CIMENLIK;27;5141;234;0;0;96;76;7;646;1729;67;0
KARATAY;DIVANLAR;37;5141;187;0;0;17;25;9;190;275;76;15
KARATAY;DOGUS;69;5141;744;0;0;79;365;14;4146;11879;377;0
KARATAY;ELMACI;60;5141;568;0;1;27;240;7;1107;3036;161;12
KARATAY;EMIRGAZI;50;5141;432;0;0;34;148;6;1512;4535;149;0
KARATAY;ERENLER;61;5141;559;0;0;53;218;9;3229;10379;223;0
KARATAY;ERLER;231;5141;1460;0;5;324;108;12;1772;7948;139;124
KARATAY;ESENTEPE;18;5141;88;0;1;12;15;4;76;180;30;2
KARATAY;FETIH;78;5141;549;0;0;73;402;31;5418;16652;391;1
KARATAY;FEVZICAKMAK;446;5141;231;0;4;1124;11344;50;2546;8840;11377;5
KARATAY;GAZIOSMANPASA;54;5141;637;0;0;31;189;13;2867;9613;161;1
KARATAY;GOCU;70;5141;371;0;0;28;74;10;406;900;160;53
KARATAY;HACI HASAN;56;5141;903;0;0;69;174;11;2922;9053;164;1
KARATAY;HACI SADIK;46;5141;593;0;0;39;111;6;1622;5134;104;0
KARATAY;HACI YUSUF MESCIT;162;5141;670;0;0;178;1451;22;3236;9790;1460;0
KARATAY;HACIIBALI;57;5141;822;0;0;3;50;6;1224;3966;34;1
KARATAY;HACIVEYISZADE;30;5141;258;0;0;24;170;15;2343;7749;149;0
KARATAY;HAMZAOGLU;82;5141;627;0;0;64;253;8;3571;10010;257;0
KARATAY;HASANDEDEMESCIT;48;5141;405;0;0;65;124;5;1613;4499;114;1
KARATAY;HAYIROGLU;91;5141;394;1;0;43;57;14;449;1295;88;49
KARATAY;IPEKLER;20;5141;112;0;0;4;6;3;109;243;26;1
KARATAY;ISMIL;249;5141;2303;0;0;74;410;47;2417;5950;461;175
KARATAY;ISTIKLAL;153;5141;1178;0;2;99;42;19;1890;5999;39;11
KARATAY;KALENDERHANE;22;5141;306;0;0;7;223;7;2063;5765;137;0
KARATAY;KARAASLANDEDE;166;5141;1528;0;0;165;239;20;3642;10926;202;12
KARATAY;KARAASLANUZUMCU;170;5141;1449;0;2;103;50;22;1987;6050;54;78
KARATAY;KARACIGAN;29;5141;221;0;0;13;142;7;1961;6057;99;0
KARATAY;KARADONA;17;5141;94;0;0;10;21;2;99;234;37;10
KARATAY;KARAKAYA;60;5141;369;0;0;11;20;7;376;805;75;53
KARATAY;KARAKULAK;94;5141;1355;0;1;32;117;10;3148;10142;109;5
KARATAY;KATRANCI;23;5141;120;0;0;2;3;6;116;176;32;3
KARATAY;KAYACIKARAPLAR;34;5141;270;0;0;29;170;7;2102;6099;131;0
KARATAY;KECECILER;45;5141;333;0;0;20;121;8;2017;5874;114;0
KARATAY;KERIM DEDE;49;5141;366;0;0;64;60;10;1170;2848;60;1
KARATAY;KEYKUBAT;54;5141;442;0;0;55;157;10;2377;7037;161;1
KARATAY;KIZOREN;18;5141;121;0;0;7;23;13;136;188;47;8
KARATAY;KOPRUBASI;61;5141;557;0;1;135;159;16;3026;7946;156;2
KARATAY;KOSEALI;17;5141;91;0;0;0;3;3;93;221;5;1
KARATAY;KUMKOPRU;38;5141;381;0;0;8;68;7;1066;3357;49;0
KARATAY;MENGENE;72;5141;723;0;0;84;214;13;3109;8466;175;0
KARATAY;NAKIPOGLU;49;5141;519;0;0;19;403;21;2963;9166;192;1
KARATAY;OBRUK;65;5141;353;0;0;22;15;14;372;571;39;17
KARATAY;ORHANGAZI;64;5141;1075;0;0;17;128;9;1889;6312;86;0
KARATAY;ORTAKONAK;45;5141;123;0;1;31;89;5;132;267;118;21
KARATAY;OVAKAVAGI;82;5141;715;0;0;21;78;12;714;2056;147;32
KARATAY;SAKYATAN;12;5141;174;0;2;29;31;6;185;450;53;14
KARATAY;SARACOGLU;226;5141;1462;0;4;207;190;17;1974;7237;216;64
KARATAY;SARIYAKUP;50;5141;466;0;0;13;530;8;2324;6792;277;1
KARATAY;SELIMSULTAN;100;5141;1022;0;0;24;110;18;1485;4188;104;10
KARATAY;SULTAN MESUD;28;5141;432;0;0;8;126;14;1151;3450;56;0
KARATAY;SURUC;42;5141;244;0;0;11;12;6;219;353;26;7
KARATAY;SATIR;36;5141;125;0;0;26;17;4;148;243;24;57
KARATAY;SEMSITEBRIZI;65;5141;499;0;0;6;2446;47;2625;8419;650;1
KARATAY;TATLICAK;117;5141;1040;1;8;138;747;35;1121;4365;757;23
KARATAY;ULUBATLIHASAN;90;5141;579;0;0;100;396;24;7372;24008;369;1
KARATAY;YAGLIBAYAT;29;5141;341;0;0;7;19;10;349;461;53;19
KARATAY;YARMA;62;5141;496;1;0;25;73;18;529;1232;119;18
KARATAY;YAVSANKUYU;15;5141;71;0;0;6;14;2;72;142;19;4
KARATAY;YEDILER;39;5141;361;0;0;63;104;6;1311;3570;103;0
KARATAY;YENICE;15;5141;58;0;0;3;1;2;59;104;1;0
KARATAY;YENIKENT;26;5141;231;0;0;19;7;8;258;604;23;4
KARATAY;ZINCIRLI;41;5141;144;0;0;44;40;3;155;416;86;11
KULU;ACIKUYU;32;2332;405;0;0;17;14;5;414;550;19;0
KULU;ALPARSLAN;92;2332;602;0;0;27;66;4;1844;3063;173;0
KULU;ALTILAR;45;2332;382;0;0;21;11;8;408;634;19;0
KULU;ARSINCI;16;2332;194;0;0;4;4;4;204;393;6;0
KULU;BAHADIRLI;13;2332;71;0;0;0;3;2;70;389;10;0
KULU;BESKARDES;66;2332;820;0;0;20;6;4;865;879;18;0
KULU;BOZAN;40;2332;347;0;0;10;4;6;359;598;37;0
KULU;BURUNAGIL;11;2332;95;0;0;1;;2;96;160;6;0
KULU;CAMIKEBIR;54;2332;510;0;0;93;1065;31;2639;3684;1108;0
KULU;CANIMANA;25;2332;390;0;0;24;13;6;447;958;18;0
KULU;CELEP;111;2332;830;0;0;11;26;8;932;1686;38;0
KULU;CUMHURIYET;63;2332;733;0;0;11;41;9;899;1965;47;0
KULU;DEGIRMENOZU;16;2332;93;0;0;3;3;1;102;224;12;0
KULU;DINEK;22;2332;146;0;0;11;6;2;176;347;9;0
KULU;DIPDEDE;15;2332;245;0;0;0;5;4;252;958;17;0
KULU;DOGUTEPE;11;2332;38;0;0;6;;1;41;98;8;0
KULU;FATIH SULTAN MEHMET;90;2332;562;0;0;58;262;10;1912;2970;386;0
KULU;FEVZIYE;13;2332;53;0;0;2;2;3;51;92;10;0
KULU;GOKLER;10;2332;45;0;0;4;;3;48;28;5;0
KULU;GUZELYAYLA;13;2332;104;0;0;2;2;2;108;230;9;0
KULU;HISARKOY;9;2332;34;0;0;9;3;2;36;102;7;0
KULU;KARACADAG;150;2332;1096;1;0;27;37;13;1147;1759;123;0
KULU;KARACADERE;12;2332;176;0;0;6;1;4;187;604;7;0
KULU;KARAPINAR;62;2332;375;0;0;24;5;12;440;1372;8;0
KULU;KARSIYAKA;98;2332;825;0;0;65;157;8;2378;4335;183;0
KULU;KEMALIYE;90;2332;1006;0;0;27;174;16;2053;3506;221;0
KULU;KIRKKUYU;41;2332;310;0;0;11;;1;334;287;1;0
KULU;KIRKPINAR;84;2332;551;0;0;26;13;7;687;1226;21;0
KULU;KOZANLI;146;2332;969;1;0;9;72;24;1042;1811;152;1
KULU;KOMUSINI;27;2332;442;0;0;17;11;7;523;246;51;2
KULU;KOSTENGIL;18;2332;107;0;0;2;;3;113;154;5;0
KULU;KOSKER;13;2332;84;0;0;1;;1;85;126;16;0
KULU;MANDIRA;25;2332;130;0;0;3;1;3;136;216;8;0
KULU;OMERANLI;298;2332;3329;0;0;124;397;24;3778;4619;482;0
KULU;SARIYAYLA;9;2332;76;0;0;0;;2;82;192;5;0
KULU;SEYITAHMETLI;6;2332;20;0;0;0;;1;20;38;3;0
KULU;SOGUKKUYU;14;2332;104;0;0;0;;2;105;218;2;0
KULU;SEREFLI;20;2332;171;0;0;2;2;3;187;299;19;0
KULU;TAVLIOREN;11;2332;102;0;0;7;;1;105;299;1;0
KULU;TUZYAKA;115;2332;561;0;0;0;17;14;550;1684;69;0
KULU;YARASLI;37;2332;528;2;0;17;7;8;649;722;20;0
KULU;YAZICAYIR;39;2332;515;0;0;17;21;10;549;978;59;0
KULU;YENI;122;2332;1156;2;0;74;230;17;2633;4779;289;0
KULU;YESILTEPE;19;2332;237;0;0;17;3;1;260;202;17;0
KULU;YESILYURT;31;2332;415;0;0;11;16;7;524;877;48;0
KULU;ZINCIRLIKUYU;186;2332;1032;0;0;13;61;17;1087;1949;99;0
MERAM;ALAKOVA;441;6146;2593;0;1;346;193;35;4096;13406;203;265
MERAM;ALAVARDI;159;6146;1702;1;0;37;450;20;6657;18814;446;3
MERAM;ALI ULVI KURUCU;36;6146;649;0;0;7;27;3;717;2132;26;34
MERAM;ALPASLAN;119;6146;1598;0;0;48;184;23;3198;9662;184;3
MERAM;ASKAN;139;6146;1926;0;11;42;466;34;6228;15640;443;12
MERAM;ATESBAZ VELI;108;6146;976;0;0;26;903;21;1611;4989;922;16
MERAM;AYANBEY;94;6146;1423;0;0;62;78;29;1735;3745;61;41
MERAM;AYDOGDU;103;6146;1707;0;0;16;337;19;4853;14729;362;1
MERAM;AYMANAS;145;6146;2129;0;30;61;237;25;4512;13721;257;1
MERAM;BAHCESEHIR;197;6146;3052;0;1;118;193;29;4030;12613;190;501
MERAM;BAYAT;21;6146;213;0;1;15;27;6;237;251;41;80
MERAM;BORUKTOLU;109;6146;293;0;2;59;26;4;321;942;39;54
MERAM;BOTSA;51;6146;469;0;0;9;5;12;498;644;22;85
MERAM;BOYALI;16;6146;39;0;0;5;13;3;57;128;12;62
MERAM;CARIKLAR;268;6146;404;0;7;621;43;13;459;1126;59;95
MERAM;CAYBASI;61;6146;736;0;1;8;536;25;2721;9006;445;0
MERAM;CAYIRBAGI;70;6146;1123;0;1;24;71;9;1334;2386;77;468
MERAM;COMAKLAR;14;6146;127;0;0;0;1;3;136;155;5;21
MERAM;COMAKLI;124;6146;633;0;4;276;577;17;1025;2077;797;117
MERAM;CUKURCIMEN;11;6146;211;0;0;1;3;5;213;312;5;14
MERAM;DERE;96;6146;1505;1;0;26;140;37;1681;3775;147;172
MERAM;DURUNDAY;114;6146;1215;0;5;160;84;23;1469;3192;48;54
MERAM;ERENKAYA;15;6146;168;0;0;5;11;6;184;234;28;41
MERAM;EVLIYATEKKE;6;6146;59;0;0;1;;2;60;162;8;15
MERAM;GODENE;188;6146;1069;0;2;117;172;28;6617;15481;150;696
MERAM;HADIMI;124;6146;2367;0;2;31;270;20;3701;12100;254;2
MERAM;HARMANCIK;193;6146;2370;0;5;120;185;20;3355;9902;122;234
MERAM;HASANSEYH;23;6146;340;0;0;2;4;5;345;216;20;14
MERAM;HATIP;174;6146;1347;0;3;204;72;11;2040;3394;73;289
MERAM;HATUNSARAY;75;6146;411;0;0;45;72;12;457;608;154;106
MERAM;HAVZAN;93;6146;872;1;0;21;545;38;6802;21133;427;0
MERAM;IKIPINAR;9;6146;80;0;0;1;;2;82;105;2;7
MERAM;INLICE;60;6146;444;0;0;10;28;14;463;763;43;22
MERAM;KARAAGAC;15;6146;72;0;0;2;5;3;78;160;9;13
MERAM;KARADIGIN;64;6146;604;1;0;13;26;9;649;2013;26;121
MERAM;KARADIGINDERESI;35;6146;163;0;0;10;6;4;173;440;7;50
MERAM;KARAHUYUK;223;6146;2592;1;3;235;208;28;3923;6646;177;1605
MERAM;KASINHANI;116;6146;1064;1;2;120;337;18;1263;3913;335;38
MERAM;KAVAK;54;6146;332;0;0;40;21;13;367;1022;49;78
MERAM;KAYADIBI;15;6146;83;0;0;2;2;3;95;159;11;31
MERAM;KAYALI;25;6146;179;0;0;9;13;9;187;389;20;24
MERAM;KAYIHUYUK;28;6146;204;0;0;8;4;3;230;455;32;42
MERAM;KIZILOREN;58;6146;671;1;0;46;78;18;750;888;114;161
MERAM;KILISTRA;28;6146;273;0;0;7;10;13;285;538;26;20
MERAM;KONEVI;41;6146;516;1;1;11;426;66;3905;9730;353;1
MERAM;KOVANAGZI;210;6146;2970;0;16;103;161;27;4504;14984;138;6
MERAM;KOZAGAC;108;6146;1159;0;1;244;59;19;1905;3842;53;122
MERAM;KOYCEGIZ;68;6146;701;0;3;74;182;25;2109;3543;145;9
MERAM;KUMRALI;13;6146;34;0;0;2;;1;34;70;2;0
MERAM;LALEBAHCE;198;6146;1868;0;4;144;105;26;2436;6649;77;70
MERAM;MELIKSAH;109;6146;1160;2;2;74;392;40;4752;12497;304;1
MERAM;OSMAN GAZI;123;6146;1173;0;0;52;102;16;1850;5400;101;21
MERAM;PAMUKCU;30;6146;186;0;0;15;21;4;228;324;15;99
MERAM;PIREBI;115;6146;1458;1;1;45;444;39;4042;12589;432;1
MERAM;SADIKLAR;9;6146;101;0;0;0;2;3;105;150;5;7
MERAM;SAGLIK;56;6146;483;0;0;16;36;12;524;475;61;98
MERAM;SAHIBATA;157;6146;977;0;0;191;5251;68;4463;13782;3432;1
MERAM;SARIKIZ;15;6146;65;0;0;7;6;3;65;130;11;13
MERAM;SEFAKOY;55;6146;706;0;0;38;33;13;771;2523;49;133
MERAM;ULUGBEY;52;6146;806;0;0;51;64;10;1538;5330;59;2
MERAM;ULUIRMAK;122;6146;1827;0;1;19;302;33;4395;13346;310;2
MERAM;UZUNHARMANLAR;183;6146;3575;0;62;6;255;24;5261;16728;263;2
MERAM;YAKA;152;6146;1448;0;20;75;169;40;1888;4664;125;29
MERAM;YATAGAN;12;6146;120;0;0;0;3;6;122;151;4;5
MERAM;YAYLAPINAR;259;6146;3262;1;2;33;368;61;4178;12603;362;54
MERAM;YENIBAHCE;84;6146;425;0;1;35;18;3;558;1412;23;147
MERAM;YENISEHIR;124;6146;1670;0;37;106;382;21;5153;13978;337;5
MERAM;YESILDERE;22;6146;276;0;0;5;4;7;278;508;6;44
MERAM;YESILTEKKE;17;6146;279;0;0;4;4;8;284;628;13;11
SARAYONU;BAHCESARAY;26;1455;256;0;0;29;3;5;293;525;18;2
SARAYONU;BASHUYUK;95;1455;452;0;0;74;36;12;568;616;92;0
SARAYONU;BATI ISTASYON;41;1455;669;0;0;23;160;15;875;1711;178;0
SARAYONU;BOYALI;35;1455;285;0;0;6;9;7;293;299;11;0
SARAYONU;BUYUKZENGI;16;1455;42;0;0;17;2;4;56;98;7;0
SARAYONU;CESMELISEBIL;117;1455;659;0;0;14;89;13;715;934;132;1
SARAYONU;DEGIRMENLI;13;1455;47;0;0;0;;2;48;73;5;0
SARAYONU;DOGU ISTASYON;23;1455;248;0;0;16;182;13;462;817;192;0
SARAYONU;ERTUGRUL;18;1455;114;0;0;1;7;4;133;186;11;1
SARAYONU;FATIH;58;1455;535;0;0;5;57;18;596;1261;80;0
SARAYONU;GOZLU;112;1455;537;0;0;50;14;35;621;1240;76;0
SARAYONU;HATIP;50;1455;328;0;0;13;8;10;347;856;9;0
SARAYONU;INLI;13;1455;125;0;0;18;5;1;151;329;9;0
SARAYONU;KADIOGLU;96;1455;581;0;0;6;17;7;640;833;53;0
SARAYONU;KARABIYIK;47;1455;261;0;0;4;3;2;270;299;16;2
SARAYONU;KARATEPE;45;1455;334;0;0;17;13;4;370;314;41;0
SARAYONU;KAYIOREN;16;1455;112;0;0;1;;2;115;127;4;0
SARAYONU;KONAR;24;1455;90;0;0;11;2;4;102;123;15;0
SARAYONU;KURSUNLU;71;1455;423;0;0;26;31;16;589;1043;97;3
SARAYONU;KUYULUSEBIL;46;1455;232;0;0;9;6;6;257;352;24;0
SARAYONU;LADIK;352;1455;2755;0;0;278;520;59;4465;10159;691;2
SARAYONU;OZKENT;47;1455;317;0;0;13;10;10;368;723;83;0
SARAYONU;SARAC;67;1455;453;0;0;56;45;18;1922;3656;71;0
SARAYONU;SELIMIYE;16;1455;99;0;0;32;3;1;137;188;8;0
SARAYONU;YENICEKAYA;36;1455;222;0;0;20;9;6;239;559;25;0
SARAYONU;YUKARI;77;1455;412;0;0;96;241;18;584;957;281;0
SELCUKLU;AKADEMI;36;5128;118;0;1;289;212;97;1212;293;41;13
SELCUKLU;AKINCILAR;78;5128;838;0;0;2;371;19;3357;10704;406;0
SELCUKLU;AKPINAR;26;5128;363;0;0;8;5;7;377;330;15;49
SELCUKLU;AKSEMSETTIN;144;5128;1467;0;0;77;552;17;7274;24201;535;3
SELCUKLU;ARDICLI;57;5128;126;0;0;17;12;3;146;95;21;47
SELCUKLU;ASAGIPINARBASI;66;5128;296;0;2;68;56;15;353;690;80;106
SELCUKLU;AYDINLIKEVLER;68;5128;1324;0;1;11;260;13;4470;13144;295;1
SELCUKLU;BAGRIKURT;25;5128;150;0;0;9;23;9;174;252;38;32
SELCUKLU;BASARAKAVAK;55;5128;665;0;0;38;50;10;731;1192;75;128
SELCUKLU;BEDIR;57;5128;570;0;1;7;603;13;4435;13388;453;0
SELCUKLU;BEYHEKIM;80;5128;765;0;1;237;489;60;10078;24471;421;21
SELCUKLU;BICER;16;5128;73;0;0;4;3;4;75;93;13;6
SELCUKLU;BILECIK;35;5128;366;0;0;16;6;7;312;373;5;30
SELCUKLU;BINKONUTLAR;80;5128;654;0;0;0;122;22;6259;17867;97;0
SELCUKLU;BOSNA HERSEK;124;5128;1255;0;1;120;858;50;15559;38293;764;0
SELCUKLU;BUHARA;160;5128;2057;0;1;319;548;15;6344;19993;590;21
SELCUKLU;BUYUKKAYACIK;129;5128;221;1;1;358;1091;44;254;599;977;17
SELCUKLU;CUMHURIYET;48;5128;555;0;0;2;51;11;3129;9623;48;0
SELCUKLU;CALDERE;36;5128;202;0;0;5;15;4;201;318;38;17
SELCUKLU;CALTI;56;5128;252;0;0;31;10;5;268;377;23;51
SELCUKLU;CANDIR;15;5128;32;0;0;4;8;2;38;57;12;13
SELCUKLU;DAGDERE;33;5128;254;0;0;20;12;7;267;426;20;80
SELCUKLU;DOKUZ;19;5128;59;0;1;7;16;12;67;119;15;12
SELCUKLU;DUMLUPINAR;80;5128;763;0;0;26;215;29;4353;13478;184;0
SELCUKLU;EGRIBAYAT;55;5128;250;0;2;43;26;8;257;367;88;89
SELCUKLU;ERENKOY;227;5128;2603;0;2;159;139;21;4772;13209;129;182
SELCUKLU;ESENLER;117;5128;2124;0;0;16;355;17;4256;13780;314;1
SELCUKLU;FATIH;116;5128;330;1;0;18;4015;26;3451;10257;3675;0
SELCUKLU;FERHUNIYE;38;5128;251;0;3;13;1102;54;1786;4789;537;0
SELCUKLU;FERITPASA;51;5128;365;0;5;5;1735;25;5350;14767;988;1
SELCUKLU;GUVENC;43;5128;190;0;0;42;13;5;172;348;39;32
SELCUKLU;HACIKAYMAK;36;5128;258;1;1;21;455;11;3876;10907;422;0
SELCUKLU;HANAYBASI;133;5128;1852;2;0;105;269;43;5607;17606;296;15
SELCUKLU;HOCACIHAN;127;5128;1566;0;1;227;382;21;5568;15700;369;9
SELCUKLU;HOROZLUHAN;275;5128;78;17;5;191;8216;77;319;738;8250;2
SELCUKLU;HUSAMETTIN CELEBI;106;5128;1243;0;0;34;433;24;5752;17882;311;0
SELCUKLU;ISIKLAR;64;5128;750;0;0;9;738;19;6258;19218;531;1
SELCUKLU;IHSANIYE;60;5128;595;1;3;22;1566;38;4170;10792;700;0
SELCUKLU;KALEKOY;20;5128;111;0;0;3;12;2;108;235;13;20
SELCUKLU;KARAOMERLER;28;5128;101;0;0;25;36;5;96;296;40;18
SELCUKLU;KERVAN;16;5128;65;0;0;3;6;1;63;98;22;3
SELCUKLU;KILINCARSLAN;70;5128;474;0;0;82;659;21;7696;21877;571;0
SELCUKLU;KINIK;12;5128;49;0;0;1;1;3;51;85;3;2
SELCUKLU;KIZILCAKUYU;20;5128;83;1;0;1;1;4;88;185;15;21
SELCUKLU;KOSOVA;132;5128;1002;0;0;290;700;32;11911;29930;507;2
SELCUKLU;KUCUKMUHSINE;29;5128;227;0;0;1;28;5;239;211;10;40
SELCUKLU;MALAZGIRT;71;5128;531;2;0;6;207;18;4791;14652;116;0
SELCUKLU;MEHMET AKIF;169;5128;1717;0;0;35;557;24;9350;29393;362;5
SELCUKLU;MEYDANKOY;34;5128;215;0;0;10;34;8;218;213;41;21
SELCUKLU;MUSALLA BAGLARI;113;5128;169;0;5;35;3931;19;2286;6136;3021;1
SELCUKLU;NISANTAS;45;5128;323;1;2;4;3702;21;4630;12394;1377;0
SELCUKLU;PARSANA;121;5128;831;0;5;228;410;24;7114;19582;386;32
SELCUKLU;SAKARYA;100;5128;1095;1;1;13;299;19;4709;14791;156;2
SELCUKLU;SALAHATTIN;18;5128;103;0;0;2;2;2;108;227;4;7
SELCUKLU;SANCAK;123;5128;1042;0;1;248;763;32;11564;36822;471;3
SELCUKLU;SARAYKOY;41;5128;341;0;3;6;13;5;436;615;23;145
SELCUKLU;SARICALAR;11;5128;65;0;0;11;19;3;24;136;21;10
SELCUKLU;SELAHADDINI EYYUBI;222;5128;1326;0;22;405;424;17;7825;18902;412;185
SELCUKLU;SELCUK;51;5128;281;0;1;71;343;7;3866;9288;260;1
SELCUKLU;SIZMA;103;5128;918;0;0;145;30;17;1052;2297;44;230
SELCUKLU;SILLE;50;5128;558;0;3;22;70;46;614;1298;67;63
SELCUKLU;SILLE AK;154;5128;1197;0;17;310;97;10;2707;6011;93;172
SELCUKLU;SULUTAS;44;5128;421;0;1;13;6;6;525;306;9;217
SELCUKLU;SEKER;81;5128;664;0;0;77;496;17;6181;17498;501;2
SELCUKLU;SEYH SAMIL;64;5128;323;0;3;3;462;17;5405;17559;272;0
SELCUKLU;TATKOY;70;5128;666;0;5;16;34;6;769;1477;31;171
SELCUKLU;TEPEKENT;78;5128;1150;0;0;40;94;18;1239;4239;121;55
SELCUKLU;TOMEK;40;5128;120;0;1;6;49;3;125;155;56;35
SELCUKLU;ULUMUHSINE;11;5128;70;0;0;2;3;2;79;77;11;15
SELCUKLU;YAZIBELEN;50;5128;209;0;0;47;14;9;236;320;88;42
SELCUKLU;YAZIR;171;5128;1414;0;6;337;1867;88;21766;63419;1221;14
SELCUKLU;YUKARIPINARBASI;66;5128;312;0;4;30;17;4;356;699;27;69
SEYDISEHIR;AKCALAR;66;2042;420;0;0;26;18;14;527;572;47;42
SEYDISEHIR;AKTAS;62;2042;277;0;0;13;11;4;409;561;20;28
SEYDISEHIR;ALAYLAR BIR;53;2042;584;0;0;18;134;41;2689;6576;207;3
SEYDISEHIR;ALAYLAR IKI;61;2042;346;0;0;82;380;18;2282;5020;556;1
SEYDISEHIR;ANABAGLAR;34;2042;234;0;0;5;159;13;325;276;189;51
SEYDISEHIR;ASAGIKARAOREN;26;2042;143;0;0;2;3;3;187;294;19;21
SEYDISEHIR;BAHCELIEVLER;44;2042;260;0;0;58;12;5;331;544;14;7
SEYDISEHIR;BASKARAOREN;30;2042;95;0;0;14;2;2;131;247;22;0
SEYDISEHIR;BOSTANDERE;50;2042;532;0;0;4;27;13;621;966;52;40
SEYDISEHIR;BOYALI;36;2042;278;0;0;0;6;6;319;437;20;6
SEYDISEHIR;BUKCE;5;2042;22;0;0;0;;2;24;18;0;0
SEYDISEHIR;CAT;9;2042;19;0;0;1;;2;23;44;1;3
SEYDISEHIR;CATMAKAYA;39;2042;265;0;0;3;10;13;411;399;14;154
SEYDISEHIR;CAVUS;46;2042;317;0;0;5;2;12;365;647;17;19
SEYDISEHIR;DEGIRMENCI;57;2042;442;0;0;36;19;3;619;1135;44;17
SEYDISEHIR;DIKILITAS;30;2042;173;0;0;1;6;6;227;588;18;43
SEYDISEHIR;GEVREKLI;88;2042;674;0;0;38;78;17;877;1442;132;39
SEYDISEHIR;GOKCEHUYUK;47;2042;212;0;0;6;9;12;297;315;24;59
SEYDISEHIR;GOKHUYUK;21;2042;233;0;0;13;3;8;288;519;7;2
SEYDISEHIR;GOLYUZU;14;2042;111;0;0;8;5;7;131;261;5;4
SEYDISEHIR;HACISEYITALI;51;2042;561;0;0;17;795;20;3361;7121;1050;2
SEYDISEHIR;IRMAKLI;15;2042;77;0;0;0;;3;86;103;1;3
SEYDISEHIR;INCESU;34;2042;246;0;0;2;5;7;303;553;22;24
SEYDISEHIR;KARABULAK;22;2042;93;0;0;4;6;8;134;130;18;15
SEYDISEHIR;KARACAOREN;17;2042;177;0;0;23;11;9;183;208;15;3
SEYDISEHIR;KARAKAVAK;87;2042;581;0;0;18;21;14;867;1768;28;22
SEYDISEHIR;KAVAK;37;2042;197;0;0;34;13;5;250;454;18;8
SEYDISEHIR;KESECIK;45;2042;645;0;0;13;49;20;732;1105;73;32
SEYDISEHIR;KETENLI;52;2042;419;0;0;5;28;24;503;1555;59;49
SEYDISEHIR;KIZILCA;30;2042;173;0;0;3;2;5;186;233;13;1
SEYDISEHIR;KIZILCALAR;61;2042;715;0;0;38;87;21;3794;9392;116;1
SEYDISEHIR;KOZLU;24;2042;175;0;0;2;5;5;201;230;14;23
SEYDISEHIR;KUMLUCA;21;2042;201;0;0;1;4;4;209;540;9;4
SEYDISEHIR;KURAN;26;2042;149;0;0;2;3;7;171;455;12;6
SEYDISEHIR;MADENLI;23;2042;132;0;0;2;22;9;195;130;36;50
SEYDISEHIR;MESUDIYE;12;2042;82;0;0;1;3;5;85;324;4;1
SEYDISEHIR;MURADIYE;15;2042;69;0;0;0;;4;83;159;5;6
SEYDISEHIR;OGLAKCI;10;2042;42;0;0;0;;2;43;104;2;1
SEYDISEHIR;ORTAKARAOREN;148;2042;1295;0;0;21;214;26;1690;2712;261;9
SEYDISEHIR;PINARBASI;80;2042;579;0;0;16;28;11;2116;3168;37;61
SEYDISEHIR;SAADETLER;67;2042;387;0;0;11;14;20;459;891;19;9
SEYDISEHIR;SARAYCIK;12;2042;74;0;0;2;2;3;81;102;4;1
SEYDISEHIR;SEYITHARUN;35;2042;298;0;0;3;48;4;593;1134;61;1
SEYDISEHIR;SOFUHANE;24;2042;188;0;0;6;111;2;595;1160;182;0
SEYDISEHIR;STAT;74;2042;530;0;0;10;155;21;752;1032;172;14
SEYDISEHIR;SUSUZ;16;2042;160;0;0;1;10;4;176;295;13;11
SEYDISEHIR;TARASCI;78;2042;874;0;0;31;59;19;1078;2122;76;40
SEYDISEHIR;TASAGIL;28;2042;190;0;0;54;13;3;282;269;16;31
SEYDISEHIR;TEPECIK;21;2042;238;0;0;3;7;6;253;296;31;7
SEYDISEHIR;TOL;26;2042;129;0;0;4;1;5;174;313;10;29
SEYDISEHIR;UFACIK;7;2042;27;0;0;1;;2;32;44;3;4
SEYDISEHIR;ULUKAPI;105;2042;1024;0;0;65;287;18;2415;4306;383;61
SEYDISEHIR;YAYLACIK;27;2042;162;0;0;3;3;8;188;460;10;21
SEYDISEHIR;YENICAMI;88;2042;806;0;0;26;34;5;1633;2767;45;40
SEYDISEHIR;YENICE;21;2042;112;0;0;7;1;4;126;98;4;1
TASKENT;AFSAR TEPECIK;47;337;420;0;0;2;36;8;453;583;61;6
TASKENT;AFSAR YUKARI;43;337;313;0;0;11;14;13;351;445;44;5
TASKENT;BALCILAR ORTA;43;337;460;0;0;6;20;17;489;576;32;13
TASKENT;BALCILAR VELILER;17;337;396;0;0;0;22;18;403;633;41;0
TASKENT;BALCILAR YUKARI;36;337;414;0;0;2;12;12;426;622;26;3
TASKENT;BEKTAS;35;337;302;0;0;37;23;11;326;438;35;0
TASKENT;BOLAY;32;337;374;0;0;2;9;15;375;409;15;0
TASKENT;CETMI COMESPINAR;26;337;370;0;0;10;20;15;394;484;23;0
TASKENT;CETMI YENI;37;337;456;0;0;30;20;15;504;510;27;6
TASKENT;HIRA;13;337;162;0;0;13;31;13;303;488;42;0
TASKENT;ILICAPINAR;24;337;271;0;0;3;8;15;276;239;13;4
TASKENT;KECIMEN;13;337;108;0;0;0;;1;107;52;1;0
TASKENT;KONGUL;10;337;150;0;0;0;;4;150;122;2;0
TASKENT;SAZAK;8;337;46;0;0;0;;2;46;46;2;0
TASKENT;SIHLAR;14;337;129;0;0;6;35;28;206;319;49;2
TUZLUKCU;ASAGI;87;509;527;0;0;40;53;8;584;966;65;0
TUZLUKCU;COGURLU;36;509;73;0;0;1;1;4;72;94;2;0
TUZLUKCU;ERDOGDU;38;509;265;0;0;0;17;11;280;244;25;0
TUZLUKCU;GURSU;24;509;66;0;0;0;4;6;66;166;4;0
TUZLUKCU;KONARI;30;509;255;0;0;1;4;8;256;594;6;0
TUZLUKCU;KORASI;32;509;371;0;0;1;9;5;373;784;13;0
TUZLUKCU;KOKLUCE;36;509;181;0;0;0;4;5;183;244;9;0
TUZLUKCU;KUNDULLU;41;509;278;0;0;5;7;9;280;346;7;0
TUZLUKCU;MEVLUTLU;32;509;209;0;0;6;15;8;215;224;15;0
TUZLUKCU;ORTA;52;509;330;0;0;8;25;22;375;686;25;0
TUZLUKCU;PAZAR;59;509;441;0;0;8;96;14;484;795;123;0
TUZLUKCU;PAZARKAYA;30;509;136;0;0;8;6;6;140;141;17;0
TUZLUKCU;SUBATAN;33;509;61;0;0;0;;3;63;101;4;0
TUZLUKCU;TURSUNLU;20;509;101;0;0;2;5;3;101;136;5;0
TUZLUKCU;YUKARI;62;509;462;0;0;29;8;15;473;990;11;0
YALIHUYUK;ARASOGUT;12;81;70;0;0;1;2;3;76;120;0;1
YALIHUYUK;ASAGI;39;81;448;0;0;16;36;18;552;761;49;0
YALIHUYUK;SARAYKOY;7;81;29;0;0;0;;3;33;54;0;4
YALIHUYUK;YUKARI;39;81;393;0;0;2;38;23;462;651;48;1
YUNAK;ALTINOZ;19;1276;93;0;0;7;1;2;100;213;47;0
YUNAK;AYRITEPE;18;1276;67;0;0;1;3;3;67;88;2;0
YUNAK;BESISIKLI;22;1276;86;0;0;3;2;4;89;76;2;3
YUNAK;BOGRUDELIK;25;1276;161;0;0;0;16;8;161;368;22;0
YUNAK;CEBRAIL;17;1276;116;0;0;0;2;5;118;92;3;0
YUNAK;CAYIRBASI;37;1276;278;0;0;13;5;12;283;335;4;0
YUNAK;EGRIKUYU;17;1276;40;0;0;1;2;3;40;101;3;0
YUNAK;ESENTEPE;11;1276;109;0;0;6;5;7;117;206;6;0
YUNAK;ESME;47;1276;537;0;2;17;34;8;770;1829;50;0
YUNAK;FATIH;90;1276;524;0;2;77;226;39;845;1733;263;0
YUNAK;HACIFAKILI;29;1276;178;0;0;3;2;4;179;207;6;0
YUNAK;HACIOMEROGLU;26;1276;329;0;0;14;7;4;335;390;9;0
YUNAK;HARUNLAR;38;1276;201;0;0;4;7;6;205;368;11;0
YUNAK;HATIRLI;34;1276;204;0;0;5;4;6;212;205;5;0
YUNAK;HURSUNLU;42;1276;305;0;0;4;14;9;306;717;15;0
YUNAK;IMAMOGLU;20;1276;86;0;1;2;3;3;88;187;6;0
YUNAK;KARATAS;94;1276;646;0;0;31;77;14;751;1439;87;0
YUNAK;KARAYAYLA;25;1276;93;0;0;3;2;4;94;192;4;0
YUNAK;KARGALI;15;1276;44;0;0;0;;2;45;57;0;0
YUNAK;KILLAR;38;1276;218;0;0;6;8;11;222;450;3;0
YUNAK;KOCYAZI;43;1276;586;0;0;5;24;13;593;1079;34;0
YUNAK;KURTUSAGI;41;1276;279;0;0;9;11;8;281;331;12;0
YUNAK;KUYUBASI;33;1276;257;0;0;10;1;4;266;314;7;0
YUNAK;KUZOREN;48;1276;680;0;0;8;19;11;689;1855;33;0
YUNAK;MESELIK;17;1276;119;0;0;2;4;3;119;133;7;0
YUNAK;ODABASI;44;1276;197;0;0;6;2;6;203;423;21;0
YUNAK;ORTAKISLA;23;1276;134;0;0;3;5;5;135;138;33;0
YUNAK;OZYAYLA;29;1276;132;0;0;1;3;5;132;150;3;0
YUNAK;PIRIBEYLI;91;1276;947;0;0;26;95;28;1250;1013;133;0
YUNAK;SARAY;56;1276;597;0;1;47;57;21;631;1373;95;0
YUNAK;SELCUK;30;1276;591;0;0;23;7;13;775;1734;19;0
YUNAK;SERTLER;14;1276;53;0;0;1;;3;53;135;7;0
YUNAK;SEVINC;30;1276;149;0;0;2;1;6;150;143;2;0
YUNAK;SIRAM;26;1276;165;0;0;0;3;3;167;113;3;0
YUNAK;SINANLI;31;1276;179;0;0;1;5;7;180;197;6;1
YUNAK;SULUKLU;41;1276;420;0;0;23;66;17;463;802;69;0
YUNAK;TURGUT;44;1276;338;0;1;11;20;17;350;676;18;0
YUNAK;YAVASLI;27;1276;122;0;0;7;3;6;123;257;7;0
YUNAK;YENI;81;1276;750;0;0;22;512;67;988;1934;491;0
YUNAK;YESILOBA;16;1276;66;0;0;1;7;4;66;96;14;0
YUNAK;YESILYAYLA;13;1276;91;0;0;0;1;4;92;106;1;0
YUNAK;YIGAR;37;1276;232;0;0;1;1;7;231;217;12;0
